-- MySQL dump 10.16  Distrib 10.1.26-MariaDB, for debian-linux-gnu (x86_64)
--
-- Host: localhost    Database: catalog
-- ------------------------------------------------------
-- Server version	10.1.26-MariaDB-0+deb9u1

/*!40101 SET @OLD_CHARACTER_SET_CLIENT=@@CHARACTER_SET_CLIENT */;
/*!40101 SET @OLD_CHARACTER_SET_RESULTS=@@CHARACTER_SET_RESULTS */;
/*!40101 SET @OLD_COLLATION_CONNECTION=@@COLLATION_CONNECTION */;
/*!40101 SET NAMES utf8mb4 */;
/*!40103 SET @OLD_TIME_ZONE=@@TIME_ZONE */;
/*!40103 SET TIME_ZONE='+00:00' */;
/*!40014 SET @OLD_UNIQUE_CHECKS=@@UNIQUE_CHECKS, UNIQUE_CHECKS=0 */;
/*!40014 SET @OLD_FOREIGN_KEY_CHECKS=@@FOREIGN_KEY_CHECKS, FOREIGN_KEY_CHECKS=0 */;
/*!40101 SET @OLD_SQL_MODE=@@SQL_MODE, SQL_MODE='NO_AUTO_VALUE_ON_ZERO' */;
/*!40111 SET @OLD_SQL_NOTES=@@SQL_NOTES, SQL_NOTES=0 */;

--
-- Table structure for table `catalog`
--

DROP TABLE IF EXISTS `catalog`;
/*!40101 SET @saved_cs_client     = @@character_set_client */;
/*!40101 SET character_set_client = utf8 */;
CREATE TABLE `catalog` (
  `id` int(11) NOT NULL AUTO_INCREMENT,
  `name` varchar(100) COLLATE utf8_unicode_ci NOT NULL,
  `description` varchar(255) COLLATE utf8_unicode_ci DEFAULT NULL,
  `image` varchar(255) COLLATE utf8_unicode_ci DEFAULT NULL,
  `updatedAt` date DEFAULT NULL,
  `activated` tinyint(1) NOT NULL,
  `sanitizeName` varchar(255) COLLATE utf8_unicode_ci DEFAULT NULL,
  `className` varchar(255) COLLATE utf8_unicode_ci DEFAULT NULL,
  `titleSeo` varchar(255) COLLATE utf8_unicode_ci DEFAULT NULL,
  `descriptionSeo` varchar(255) COLLATE utf8_unicode_ci DEFAULT NULL,
  `hasWishilst` tinyint(1) NOT NULL,
  `hasAllList` tinyint(1) NOT NULL,
  `hasTagList` tinyint(1) NOT NULL,
  `htmlColor` varchar(255) COLLATE utf8_unicode_ci DEFAULT NULL,
  PRIMARY KEY (`id`)
) ENGINE=InnoDB AUTO_INCREMENT=7 DEFAULT CHARSET=utf8 COLLATE=utf8_unicode_ci;
/*!40101 SET character_set_client = @saved_cs_client */;

--
-- Dumping data for table `catalog`
--

LOCK TABLES `catalog` WRITE;
/*!40000 ALTER TABLE `catalog` DISABLE KEYS */;
INSERT INTO `catalog` VALUES (1,'Kiki','Kiki est une peluche de taille variable représentant un petit singe avec une tête ronde et dure, une tétine à la main, et qui connut un succès international dans les années 1980.','monchhichi.png','2017-03-05',1,'kiki','Monchhichi','Kiki - Cat(alog)',NULL,1,1,1,NULL),(2,'Nanoblock','Lancés en 2008 par le fabricant japonais Kawada, les Nanoblocks sont des versions miniatures des Lego. Une brique Nanoblock de base fait environ la moitié de la largeur d’une brique Lego équivalente, et un tiers de sa hauteur.','lego.png','2017-03-05',1,'nanoblock','Nanoblock','Nanoblock - Cat(alog)',NULL,1,1,1,NULL),(4,'Minis','Les Minis sont de joyeuses peluches vendues par TeeTurtle. A ce jour, il existe les KittenCorn, les PuppiCorn, Angry Bunny et les Narwhals.','teeturtle-coupon.png','2017-05-05',1,'minis','Minis',NULL,NULL,0,1,0,NULL),(5,'Funko Pop!','Les figurines Funko Pop sont des figurines de collection en vinyl créées par la marque américaine Funko. Ces figurines se démarquent bien sûr par leur fameuse très grosse tête et un design simplifié, bien qu\'elles soient de plus en plus riches en détails.','funko-pop-logo.png','2017-05-05',1,'funkopop','Funkopop',NULL,NULL,0,1,1,'#000000'),(6,'Médailles','Les Médailles sont des médailles touristiques disponibles sur certains sites touristiques (musée, zoo, monument religieux, ...). Ici, les médailles sont surtout des Monnaie de Paris.','monnaie_de_paris.jpg','2017-10-09',1,'medal','Medal',NULL,NULL,0,1,1,NULL);
/*!40000 ALTER TABLE `catalog` ENABLE KEYS */;
UNLOCK TABLES;

--
-- Table structure for table `catalogstags`
--

DROP TABLE IF EXISTS `catalogstags`;
/*!40101 SET @saved_cs_client     = @@character_set_client */;
/*!40101 SET character_set_client = utf8 */;
CREATE TABLE `catalogstags` (
  `catalogId` int(11) NOT NULL,
  `tagId` int(11) NOT NULL,
  PRIMARY KEY (`catalogId`,`tagId`),
  KEY `IDX_1E38E6555D52D09C` (`catalogId`),
  KEY `IDX_1E38E6556F16ADDC` (`tagId`),
  CONSTRAINT `FK_1E38E6555D52D09C` FOREIGN KEY (`catalogId`) REFERENCES `catalog` (`id`),
  CONSTRAINT `FK_1E38E6556F16ADDC` FOREIGN KEY (`tagId`) REFERENCES `tag` (`id`)
) ENGINE=InnoDB DEFAULT CHARSET=utf8 COLLATE=utf8_unicode_ci;
/*!40101 SET character_set_client = @saved_cs_client */;

--
-- Dumping data for table `catalogstags`
--

LOCK TABLES `catalogstags` WRITE;
/*!40000 ALTER TABLE `catalogstags` DISABLE KEYS */;
INSERT INTO `catalogstags` VALUES (1,1),(1,2),(1,3),(1,4),(1,5),(1,6),(1,7),(1,8),(1,9),(1,10),(1,11),(1,12),(1,13),(1,14),(1,15),(1,16),(1,17),(1,18),(1,19),(1,20),(1,21),(1,22),(1,23),(1,24),(1,25),(1,29),(1,76),(2,12),(2,17),(2,27),(2,28),(4,13),(5,30),(5,31),(5,32),(5,33),(5,34),(5,35),(5,36),(5,37),(5,71),(5,72),(5,73),(5,74),(5,75),(5,77),(5,78),(5,79),(5,80),(5,81),(5,82),(5,84),(5,85),(5,86),(5,87),(5,88),(5,89),(6,38),(6,39),(6,40),(6,41),(6,42),(6,43),(6,44),(6,45),(6,46),(6,47),(6,48),(6,49),(6,50),(6,51),(6,52),(6,53),(6,54),(6,55),(6,56),(6,57),(6,58),(6,59),(6,60),(6,61),(6,62),(6,63),(6,64),(6,65),(6,66),(6,67),(6,68),(6,69),(6,70);
/*!40000 ALTER TABLE `catalogstags` ENABLE KEYS */;
UNLOCK TABLES;

--
-- Table structure for table `phpcr_binarydata`
--

DROP TABLE IF EXISTS `phpcr_binarydata`;
/*!40101 SET @saved_cs_client     = @@character_set_client */;
/*!40101 SET character_set_client = utf8 */;
CREATE TABLE `phpcr_binarydata` (
  `id` int(11) NOT NULL AUTO_INCREMENT,
  `node_id` int(11) NOT NULL,
  `property_name` varchar(255) COLLATE utf8_unicode_ci NOT NULL,
  `workspace_name` varchar(255) COLLATE utf8_unicode_ci NOT NULL,
  `idx` int(11) NOT NULL DEFAULT '0',
  `data` longblob NOT NULL,
  PRIMARY KEY (`id`),
  UNIQUE KEY `UNIQ_37E65615460D9FD7413BC13C1AC10DC4E7087E10` (`node_id`,`property_name`,`workspace_name`,`idx`)
) ENGINE=InnoDB DEFAULT CHARSET=utf8 COLLATE=utf8_unicode_ci;
/*!40101 SET character_set_client = @saved_cs_client */;

--
-- Dumping data for table `phpcr_binarydata`
--

LOCK TABLES `phpcr_binarydata` WRITE;
/*!40000 ALTER TABLE `phpcr_binarydata` DISABLE KEYS */;
/*!40000 ALTER TABLE `phpcr_binarydata` ENABLE KEYS */;
UNLOCK TABLES;

--
-- Table structure for table `phpcr_internal_index_types`
--

DROP TABLE IF EXISTS `phpcr_internal_index_types`;
/*!40101 SET @saved_cs_client     = @@character_set_client */;
/*!40101 SET character_set_client = utf8 */;
CREATE TABLE `phpcr_internal_index_types` (
  `type` varchar(255) COLLATE utf8_unicode_ci NOT NULL,
  `node_id` int(11) NOT NULL,
  PRIMARY KEY (`type`,`node_id`)
) ENGINE=InnoDB DEFAULT CHARSET=utf8 COLLATE=utf8_unicode_ci;
/*!40101 SET character_set_client = @saved_cs_client */;

--
-- Dumping data for table `phpcr_internal_index_types`
--

LOCK TABLES `phpcr_internal_index_types` WRITE;
/*!40000 ALTER TABLE `phpcr_internal_index_types` DISABLE KEYS */;
/*!40000 ALTER TABLE `phpcr_internal_index_types` ENABLE KEYS */;
UNLOCK TABLES;

--
-- Table structure for table `phpcr_namespaces`
--

DROP TABLE IF EXISTS `phpcr_namespaces`;
/*!40101 SET @saved_cs_client     = @@character_set_client */;
/*!40101 SET character_set_client = utf8 */;
CREATE TABLE `phpcr_namespaces` (
  `prefix` varchar(255) COLLATE utf8_unicode_ci NOT NULL,
  `uri` varchar(255) COLLATE utf8_unicode_ci NOT NULL,
  PRIMARY KEY (`prefix`)
) ENGINE=InnoDB DEFAULT CHARSET=utf8 COLLATE=utf8_unicode_ci;
/*!40101 SET character_set_client = @saved_cs_client */;

--
-- Dumping data for table `phpcr_namespaces`
--

LOCK TABLES `phpcr_namespaces` WRITE;
/*!40000 ALTER TABLE `phpcr_namespaces` DISABLE KEYS */;
INSERT INTO `phpcr_namespaces` VALUES ('phpcr','http://www.doctrine-project.org/projects/phpcr_odm'),('phpcr_locale','http://www.doctrine-project.org/projects/phpcr_odm/phpcr_locale');
/*!40000 ALTER TABLE `phpcr_namespaces` ENABLE KEYS */;
UNLOCK TABLES;

--
-- Table structure for table `phpcr_nodes`
--

DROP TABLE IF EXISTS `phpcr_nodes`;
/*!40101 SET @saved_cs_client     = @@character_set_client */;
/*!40101 SET character_set_client = utf8 */;
CREATE TABLE `phpcr_nodes` (
  `id` int(11) NOT NULL AUTO_INCREMENT,
  `path` varchar(255) COLLATE utf8_unicode_ci NOT NULL,
  `parent` varchar(255) COLLATE utf8_unicode_ci NOT NULL,
  `local_name` varchar(255) COLLATE utf8_unicode_ci NOT NULL,
  `namespace` varchar(255) COLLATE utf8_unicode_ci NOT NULL,
  `workspace_name` varchar(255) COLLATE utf8_unicode_ci NOT NULL,
  `identifier` varchar(255) COLLATE utf8_unicode_ci NOT NULL,
  `type` varchar(255) COLLATE utf8_unicode_ci NOT NULL,
  `props` longtext COLLATE utf8_unicode_ci NOT NULL,
  `numerical_props` longtext COLLATE utf8_unicode_ci,
  `depth` int(11) NOT NULL,
  `sort_order` int(11) DEFAULT NULL,
  PRIMARY KEY (`id`),
  UNIQUE KEY `UNIQ_A4624AD7B548B0F1AC10DC4` (`path`,`workspace_name`),
  UNIQUE KEY `UNIQ_A4624AD7772E836A1AC10DC4` (`identifier`,`workspace_name`),
  KEY `IDX_A4624AD73D8E604F` (`parent`),
  KEY `IDX_A4624AD78CDE5729` (`type`),
  KEY `IDX_A4624AD7623C14D533E16B56` (`local_name`,`namespace`)
) ENGINE=InnoDB AUTO_INCREMENT=2 DEFAULT CHARSET=utf8 COLLATE=utf8_unicode_ci;
/*!40101 SET character_set_client = @saved_cs_client */;

--
-- Dumping data for table `phpcr_nodes`
--

LOCK TABLES `phpcr_nodes` WRITE;
/*!40000 ALTER TABLE `phpcr_nodes` DISABLE KEYS */;
INSERT INTO `phpcr_nodes` VALUES (1,'/','','','','default','e0ab404a-889a-46e2-8441-2923b38705eb','nt:unstructured','<?xml version=\"1.0\" encoding=\"UTF-8\"?>\n<sv:node xmlns:mix=\"http://www.jcp.org/jcr/mix/1.0\" xmlns:nt=\"http://www.jcp.org/jcr/nt/1.0\" xmlns:xs=\"http://www.w3.org/2001/XMLSchema\" xmlns:jcr=\"http://www.jcp.org/jcr/1.0\" xmlns:sv=\"http://www.jcp.org/jcr/sv/1.0\" xmlns:rep=\"internal\" />',NULL,0,NULL);
/*!40000 ALTER TABLE `phpcr_nodes` ENABLE KEYS */;
UNLOCK TABLES;

--
-- Table structure for table `phpcr_nodes_references`
--

DROP TABLE IF EXISTS `phpcr_nodes_references`;
/*!40101 SET @saved_cs_client     = @@character_set_client */;
/*!40101 SET character_set_client = utf8 */;
CREATE TABLE `phpcr_nodes_references` (
  `source_id` int(11) NOT NULL,
  `source_property_name` varchar(220) COLLATE utf8_unicode_ci NOT NULL,
  `target_id` int(11) NOT NULL,
  PRIMARY KEY (`source_id`,`source_property_name`,`target_id`),
  KEY `IDX_F3BF7E1158E0B66` (`target_id`)
) ENGINE=InnoDB DEFAULT CHARSET=utf8 COLLATE=utf8_unicode_ci;
/*!40101 SET character_set_client = @saved_cs_client */;

--
-- Dumping data for table `phpcr_nodes_references`
--

LOCK TABLES `phpcr_nodes_references` WRITE;
/*!40000 ALTER TABLE `phpcr_nodes_references` DISABLE KEYS */;
/*!40000 ALTER TABLE `phpcr_nodes_references` ENABLE KEYS */;
UNLOCK TABLES;

--
-- Table structure for table `phpcr_nodes_weakreferences`
--

DROP TABLE IF EXISTS `phpcr_nodes_weakreferences`;
/*!40101 SET @saved_cs_client     = @@character_set_client */;
/*!40101 SET character_set_client = utf8 */;
CREATE TABLE `phpcr_nodes_weakreferences` (
  `source_id` int(11) NOT NULL,
  `source_property_name` varchar(220) COLLATE utf8_unicode_ci NOT NULL,
  `target_id` int(11) NOT NULL,
  PRIMARY KEY (`source_id`,`source_property_name`,`target_id`),
  KEY `IDX_F0E4F6FA158E0B66` (`target_id`)
) ENGINE=InnoDB DEFAULT CHARSET=utf8 COLLATE=utf8_unicode_ci;
/*!40101 SET character_set_client = @saved_cs_client */;

--
-- Dumping data for table `phpcr_nodes_weakreferences`
--

LOCK TABLES `phpcr_nodes_weakreferences` WRITE;
/*!40000 ALTER TABLE `phpcr_nodes_weakreferences` DISABLE KEYS */;
/*!40000 ALTER TABLE `phpcr_nodes_weakreferences` ENABLE KEYS */;
UNLOCK TABLES;

--
-- Table structure for table `phpcr_type_childs`
--

DROP TABLE IF EXISTS `phpcr_type_childs`;
/*!40101 SET @saved_cs_client     = @@character_set_client */;
/*!40101 SET character_set_client = utf8 */;
CREATE TABLE `phpcr_type_childs` (
  `node_type_id` int(11) NOT NULL,
  `name` varchar(255) COLLATE utf8_unicode_ci NOT NULL,
  `protected` tinyint(1) NOT NULL,
  `auto_created` tinyint(1) NOT NULL,
  `mandatory` tinyint(1) NOT NULL,
  `on_parent_version` int(11) NOT NULL,
  `primary_types` varchar(255) COLLATE utf8_unicode_ci NOT NULL,
  `default_type` varchar(255) COLLATE utf8_unicode_ci DEFAULT NULL
) ENGINE=InnoDB DEFAULT CHARSET=utf8 COLLATE=utf8_unicode_ci;
/*!40101 SET character_set_client = @saved_cs_client */;

--
-- Dumping data for table `phpcr_type_childs`
--

LOCK TABLES `phpcr_type_childs` WRITE;
/*!40000 ALTER TABLE `phpcr_type_childs` DISABLE KEYS */;
/*!40000 ALTER TABLE `phpcr_type_childs` ENABLE KEYS */;
UNLOCK TABLES;

--
-- Table structure for table `phpcr_type_nodes`
--

DROP TABLE IF EXISTS `phpcr_type_nodes`;
/*!40101 SET @saved_cs_client     = @@character_set_client */;
/*!40101 SET character_set_client = utf8 */;
CREATE TABLE `phpcr_type_nodes` (
  `node_type_id` int(11) NOT NULL AUTO_INCREMENT,
  `name` varchar(255) COLLATE utf8_unicode_ci NOT NULL,
  `supertypes` varchar(255) COLLATE utf8_unicode_ci NOT NULL,
  `is_abstract` tinyint(1) NOT NULL,
  `is_mixin` tinyint(1) NOT NULL,
  `queryable` tinyint(1) NOT NULL,
  `orderable_child_nodes` tinyint(1) NOT NULL,
  `primary_item` varchar(255) COLLATE utf8_unicode_ci DEFAULT NULL,
  PRIMARY KEY (`node_type_id`),
  UNIQUE KEY `UNIQ_34B0A8095E237E06` (`name`)
) ENGINE=InnoDB AUTO_INCREMENT=2 DEFAULT CHARSET=utf8 COLLATE=utf8_unicode_ci;
/*!40101 SET character_set_client = @saved_cs_client */;

--
-- Dumping data for table `phpcr_type_nodes`
--

LOCK TABLES `phpcr_type_nodes` WRITE;
/*!40000 ALTER TABLE `phpcr_type_nodes` DISABLE KEYS */;
INSERT INTO `phpcr_type_nodes` VALUES (1,'phpcr:managed','nt:base',0,1,1,0,NULL);
/*!40000 ALTER TABLE `phpcr_type_nodes` ENABLE KEYS */;
UNLOCK TABLES;

--
-- Table structure for table `phpcr_type_props`
--

DROP TABLE IF EXISTS `phpcr_type_props`;
/*!40101 SET @saved_cs_client     = @@character_set_client */;
/*!40101 SET character_set_client = utf8 */;
CREATE TABLE `phpcr_type_props` (
  `node_type_id` int(11) NOT NULL,
  `name` varchar(255) COLLATE utf8_unicode_ci NOT NULL,
  `protected` tinyint(1) NOT NULL,
  `auto_created` tinyint(1) NOT NULL,
  `mandatory` tinyint(1) NOT NULL,
  `on_parent_version` int(11) NOT NULL,
  `multiple` tinyint(1) NOT NULL,
  `fulltext_searchable` tinyint(1) NOT NULL,
  `query_orderable` tinyint(1) NOT NULL,
  `required_type` int(11) NOT NULL,
  `query_operators` int(11) NOT NULL,
  `default_value` varchar(255) COLLATE utf8_unicode_ci DEFAULT NULL,
  PRIMARY KEY (`node_type_id`,`name`)
) ENGINE=InnoDB DEFAULT CHARSET=utf8 COLLATE=utf8_unicode_ci;
/*!40101 SET character_set_client = @saved_cs_client */;

--
-- Dumping data for table `phpcr_type_props`
--

LOCK TABLES `phpcr_type_props` WRITE;
/*!40000 ALTER TABLE `phpcr_type_props` DISABLE KEYS */;
INSERT INTO `phpcr_type_props` VALUES (1,'phpcr:class',0,0,0,1,0,1,1,1,0,NULL),(1,'phpcr:classparents',0,0,0,1,1,1,1,1,0,NULL);
/*!40000 ALTER TABLE `phpcr_type_props` ENABLE KEYS */;
UNLOCK TABLES;

--
-- Table structure for table `phpcr_workspaces`
--

DROP TABLE IF EXISTS `phpcr_workspaces`;
/*!40101 SET @saved_cs_client     = @@character_set_client */;
/*!40101 SET character_set_client = utf8 */;
CREATE TABLE `phpcr_workspaces` (
  `name` varchar(255) COLLATE utf8_unicode_ci NOT NULL,
  PRIMARY KEY (`name`)
) ENGINE=InnoDB DEFAULT CHARSET=utf8 COLLATE=utf8_unicode_ci;
/*!40101 SET character_set_client = @saved_cs_client */;

--
-- Dumping data for table `phpcr_workspaces`
--

LOCK TABLES `phpcr_workspaces` WRITE;
/*!40000 ALTER TABLE `phpcr_workspaces` DISABLE KEYS */;
INSERT INTO `phpcr_workspaces` VALUES ('default');
/*!40000 ALTER TABLE `phpcr_workspaces` ENABLE KEYS */;
UNLOCK TABLES;

--
-- Table structure for table `product`
--

DROP TABLE IF EXISTS `product`;
/*!40101 SET @saved_cs_client     = @@character_set_client */;
/*!40101 SET character_set_client = utf8 */;
CREATE TABLE `product` (
  `id` int(11) NOT NULL AUTO_INCREMENT,
  `name` varchar(100) COLLATE utf8_unicode_ci NOT NULL,
  `purchaseDate` date DEFAULT NULL,
  `creationDate` date NOT NULL,
  `image` varchar(255) COLLATE utf8_unicode_ci DEFAULT NULL,
  `wishlist` tinyint(1) NOT NULL,
  `productType` varchar(255) COLLATE utf8_unicode_ci NOT NULL,
  `purchasePrice` decimal(10,2) DEFAULT NULL,
  `sellingPrice` decimal(10,2) DEFAULT NULL,
  `updatedAt` date DEFAULT NULL,
  `nbPieces` int(11) DEFAULT NULL,
  `isAssembled` tinyint(1) DEFAULT NULL,
  `annee` int(11) DEFAULT NULL,
  `ordered` tinyint(1) NOT NULL,
  PRIMARY KEY (`id`)
) ENGINE=InnoDB AUTO_INCREMENT=579 DEFAULT CHARSET=utf8 COLLATE=utf8_unicode_ci;
/*!40101 SET character_set_client = @saved_cs_client */;

--
-- Dumping data for table `product`
--

LOCK TABLES `product` WRITE;
/*!40000 ALTER TABLE `product` DISABLE KEYS */;
INSERT INTO `product` VALUES (1,'Panda','2000-12-25','2017-02-19','P1150045-min.JPG',0,'monchhichi',NULL,NULL,'2017-02-19',NULL,NULL,NULL,0),(2,'Ecureuil','2016-12-11','2017-02-19','P6090021.JPG',0,'nanoblock',NULL,NULL,'2017-06-10',130,1,NULL,0),(3,'Golden Retriever','2016-12-11','2017-02-20','P6090020.JPG',0,'nanoblock',NULL,NULL,'2017-06-10',140,1,NULL,0),(4,'Lion','2016-12-11','2017-02-20','P6090019.JPG',0,'nanoblock',NULL,NULL,'2017-06-10',140,1,NULL,0),(5,'Loup','2016-12-11','2017-02-20','P6090023.JPG',0,'nanoblock',NULL,NULL,'2017-06-10',130,1,NULL,0),(6,'Panda','2016-12-11','2017-02-20','P6090017.JPG',0,'nanoblock',NULL,NULL,'2017-06-10',170,1,NULL,0),(7,'Panda roux','2016-12-11','2017-02-20','P6090024.JPG',0,'nanoblock',NULL,NULL,'2017-06-10',130,1,NULL,0),(8,'Perruche ondulée verte','2016-12-11','2017-02-20','P6090022.JPG',0,'nanoblock',NULL,NULL,'2017-06-10',80,1,NULL,0),(9,'Tigre','2016-12-11','2017-02-20','P6090018.JPG',0,'nanoblock',NULL,NULL,'2017-06-10',160,1,NULL,0),(10,'Kiki 80cm',NULL,'2017-02-20','P1150112-min.JPG',0,'monchhichi',180.00,NULL,'2017-02-20',NULL,NULL,NULL,0),(11,'Bourriquet','2014-08-07','2017-03-03','P1150023-min.JPG',0,'monchhichi',25.00,NULL,'2017-03-03',NULL,NULL,NULL,0),(12,'Ours-Abeille','2014-08-16','2017-03-03','P1150024-min.JPG',0,'monchhichi',25.00,NULL,'2017-03-03',NULL,NULL,NULL,0),(13,'Punk Boy','2014-11-23','2017-03-05','P1150180-min.JPG',0,'monchhichi',23.10,NULL,'2017-03-05',NULL,NULL,NULL,0),(14,'Rody bleu (couché)','2007-08-23','2017-03-05','P1150135-min.JPG',0,'monchhichi',NULL,NULL,'2017-03-05',NULL,NULL,NULL,0),(15,'Rody bleu (debout)','2007-08-23','2017-03-05','P1150131-min.JPG',0,'monchhichi',NULL,NULL,'2017-03-05',NULL,NULL,NULL,0),(16,'Rody rouge (couché)','2007-08-23','2017-03-05','P1150133-min.JPG',0,'monchhichi',NULL,NULL,'2017-03-05',NULL,NULL,NULL,0),(17,'Rody rouge (debout)','2007-08-23','2017-03-05','P1150175-min.JPG',0,'monchhichi',NULL,NULL,'2017-03-05',NULL,NULL,NULL,0),(18,'Rody jaune (couché)','2007-08-23','2017-03-05','P1150134-min.JPG',0,'monchhichi',NULL,NULL,'2017-03-05',NULL,NULL,NULL,0),(19,'Rody jaune (debout)','2007-08-23','2017-03-05','P1150130-min.JPG',0,'monchhichi',NULL,NULL,'2017-03-05',NULL,NULL,NULL,0),(20,'Kiki Nanoblock','2016-07-17','2017-03-05','P1150184-min.JPG',0,'monchhichi',41.35,NULL,'2017-03-05',NULL,NULL,NULL,0),(21,'Kiki','2016-07-17','2017-03-05','P1150184-min.JPG',0,'nanoblock',NULL,NULL,'2017-03-05',190,1,NULL,0),(22,'Kiki Fleur Girl avec bouquet',NULL,'2017-03-15','258340-800x800.jpg',1,'monchhichi',NULL,25.42,'2017-03-15',NULL,NULL,NULL,0),(23,'Kiki Ours Polaire',NULL,'2017-03-15','259458a-800x800.JPG',1,'monchhichi',NULL,28.24,'2017-03-15',NULL,NULL,NULL,0),(24,'Christmas X\'Mas Green','2015-11-29','2017-04-10','P1150078-min.JPG',0,'monchhichi',17.99,NULL,'2017-04-10',NULL,NULL,NULL,0),(25,'Chat noir',NULL,'2017-04-10','P1150080-min.JPG',0,'monchhichi',NULL,NULL,'2017-04-10',NULL,NULL,NULL,0),(26,'Poussin',NULL,'2017-04-10','P1150081-min.JPG',0,'monchhichi',NULL,NULL,'2017-04-10',NULL,NULL,NULL,0),(27,'Lapin rose',NULL,'2017-04-10','P1150082-min.JPG',0,'monchhichi',NULL,NULL,'2017-04-10',NULL,NULL,NULL,0),(28,'Chat kawaii',NULL,'2017-04-10','P1150083-min.JPG',0,'monchhichi',NULL,NULL,'2017-04-10',NULL,NULL,NULL,0),(29,'Cochon',NULL,'2017-04-10','P1150085-min.JPG',0,'monchhichi',NULL,NULL,'2017-04-10',NULL,NULL,NULL,0),(30,'Lapin kawaii',NULL,'2017-04-10','P1150086-min.JPG',0,'monchhichi',NULL,NULL,'2017-04-10',NULL,NULL,NULL,0),(31,'Chat gris',NULL,'2017-04-10','P1150087-min.JPG',0,'monchhichi',NULL,NULL,'2017-04-10',NULL,NULL,NULL,0),(32,'Chat marron',NULL,'2017-04-10','P1150088-min.JPG',0,'monchhichi',NULL,NULL,'2017-04-10',NULL,NULL,NULL,0),(33,'Sagittaire',NULL,'2017-04-10','P1150069-min.JPG',0,'monchhichi',NULL,NULL,'2017-04-10',NULL,NULL,NULL,0),(34,'Girl bavette rose',NULL,'2017-04-10','P1150072-min.JPG',0,'monchhichi',NULL,NULL,'2017-04-10',NULL,NULL,NULL,0),(35,'Kiki porte-clé','2005-01-01','2017-04-10','P1150073-min.JPG',0,'monchhichi',NULL,NULL,'2017-04-10',NULL,NULL,NULL,0),(36,'Kiki porte-clé',NULL,'2017-04-10','P1150077-min.JPG',0,'monchhichi',NULL,NULL,'2017-04-10',NULL,NULL,NULL,0),(37,'Girl blanche',NULL,'2017-04-10','P1150084-min.JPG',0,'monchhichi',NULL,NULL,'2017-04-10',NULL,NULL,NULL,0),(38,'Kiki porte-clé','2005-01-01','2017-04-10','P1150090-min.JPG',0,'monchhichi',NULL,NULL,'2017-04-10',NULL,NULL,NULL,0),(39,'Kiki porte-clé','2005-01-01','2017-04-10','P1150094-min.JPG',0,'monchhichi',NULL,NULL,'2017-04-10',NULL,NULL,NULL,0),(40,'Maki poulpe',NULL,'2017-04-10','P1150132-min.JPG',0,'monchhichi',NULL,NULL,'2017-04-10',NULL,NULL,NULL,0),(41,'Maki oursin',NULL,'2017-04-10','P1150140-min.JPG',0,'monchhichi',NULL,NULL,'2017-04-10',NULL,NULL,NULL,0),(42,'Maki thon',NULL,'2017-04-10','P1150141-min.JPG',0,'monchhichi',NULL,NULL,'2017-04-10',NULL,NULL,NULL,0),(43,'Tirelire jaune',NULL,'2017-04-10','P1150062-min.JPG',0,'monchhichi',NULL,NULL,'2017-04-10',NULL,NULL,NULL,0),(44,'Tirelire rouge','2007-08-23','2017-04-10','P1150183-min.JPG',0,'monchhichi',NULL,NULL,'2017-04-10',NULL,NULL,NULL,0),(45,'Kiki Girl 80cm','2007-12-25','2017-04-10','P1150013-min.JPG',0,'monchhichi',NULL,NULL,'2017-04-10',NULL,NULL,NULL,0),(46,'Kiki Boy 80cm','2007-12-25','2017-04-10','P1150014-min.JPG',0,'monchhichi',NULL,NULL,'2017-04-10',NULL,NULL,NULL,0),(47,'Patissier Mont-Blanc','2007-08-23','2017-04-10','P1150121-min.JPG',0,'monchhichi',NULL,NULL,'2017-04-10',NULL,NULL,NULL,0),(48,'Les Mariés','2007-06-11','2017-04-10','P1150205-min.JPG',0,'monchhichi',NULL,NULL,'2017-04-10',NULL,NULL,NULL,0),(49,'Patissier Café au lait','2007-08-23','2017-04-10','P1150123-min.JPG',0,'monchhichi',NULL,NULL,'2017-04-10',NULL,NULL,NULL,0),(50,'Patissière Tarte aux fraises','2007-08-23','2017-04-10','P1150118-min.JPG',0,'monchhichi',NULL,NULL,'2017-04-10',NULL,NULL,NULL,0),(51,'Patissière Charlotte aux fraises','2007-08-23','2017-04-10','P1150119-min.JPG',0,'monchhichi',NULL,NULL,'2017-04-10',NULL,NULL,NULL,0),(52,'Maman avec poussette','2016-12-09','2017-04-10','P1150034-min.JPG',0,'monchhichi',20.00,NULL,'2017-04-10',NULL,NULL,NULL,0),(53,'Ours','2015-11-22','2017-04-10','P1150030-min.JPG',0,'monchhichi',19.79,NULL,'2017-04-10',NULL,NULL,NULL,0),(54,'Denim Girl (40th Ann.)','2014-11-23','2017-04-12','P1150060-min.JPG',0,'monchhichi',20.79,NULL,'2017-04-12',NULL,NULL,NULL,0),(55,'Platinum Boy (40th Ann.)','2014-11-23','2017-04-12','P1150074-min.JPG',0,'monchhichi',20.76,NULL,'2017-04-12',NULL,NULL,NULL,0),(56,'Infirmière','2015-11-22','2017-04-12','P1150047-min.JPG',0,'monchhichi',21.59,NULL,'2017-04-12',NULL,NULL,NULL,0),(57,'SnowBoarder Girl','2014-11-23','2017-04-12','P1150152-min.JPG',0,'monchhichi',31.10,NULL,'2017-04-12',NULL,NULL,NULL,0),(58,'Skieur','2014-11-23','2017-04-12','P1150154-min.JPG',0,'monchhichi',31.10,NULL,'2017-04-12',NULL,NULL,NULL,0),(59,'Chapeau & Canne','2015-11-22','2017-04-12','P1150029-min.JPG',0,'monchhichi',21.59,NULL,'2017-04-12',NULL,NULL,NULL,0),(60,'Teddy Bear','2015-11-22','2017-04-12','P1150026-min.JPG',0,'monchhichi',23.39,NULL,'2017-04-12',NULL,NULL,NULL,0),(61,'Grizzly','2017-01-19','2017-04-13','P1290017-min.JPG',0,'monchhichi',19.41,NULL,'2017-04-13',NULL,NULL,NULL,0),(62,'Cochon','2017-01-23','2017-04-13','P1290015-min.JPG',0,'monchhichi',22.14,NULL,'2017-04-13',NULL,NULL,NULL,0),(63,'Papillon','2007-01-07','2017-04-28','P1150058-min.JPG',0,'monchhichi',NULL,NULL,'2017-04-28',NULL,NULL,NULL,0),(64,'Père Noël','2006-12-25','2017-04-28','P1150101-min.JPG',0,'monchhichi',NULL,NULL,'2017-04-28',NULL,NULL,NULL,0),(65,'Fille - Festival Japonais','2017-01-16','2017-04-28','P1290024-min.JPG',0,'monchhichi',6.80,NULL,'2017-04-28',NULL,NULL,NULL,0),(66,'Garçon - Festival Japonais','2017-01-16','2017-04-28','P1290023-min.JPG',0,'monchhichi',6.80,NULL,'2017-04-28',NULL,NULL,NULL,0),(67,'Ours brun','2017-01-17','2017-04-28','P1290018-min.JPG',0,'monchhichi',31.91,NULL,'2017-04-28',NULL,NULL,NULL,0),(68,'Renard','2017-01-17','2017-04-28','P1290016-min.JPG',0,'monchhichi',23.20,NULL,'2017-04-28',NULL,NULL,NULL,0),(69,'Sarouel','2017-01-17','2017-04-28','P1290022-min.JPG',0,'monchhichi',26.10,NULL,'2017-04-28',NULL,NULL,NULL,0),(70,'Servante','2017-01-17','2017-04-28','P1290021-min.JPG',0,'monchhichi',26.10,NULL,'2017-04-28',NULL,NULL,NULL,0),(71,'Servant','2017-01-17','2017-04-28','P1290020-min.JPG',0,'monchhichi',26.10,NULL,'2017-04-28',NULL,NULL,NULL,0),(72,'Chien (Umekichi)','2017-01-16','2017-04-28','P1290014-min.JPG',0,'monchhichi',43.91,NULL,'2017-04-28',NULL,NULL,NULL,0),(73,'Vache (Année de la)','2017-01-16','2017-04-28','P1290012-min.JPG',0,'monchhichi',23.41,NULL,'2017-04-28',NULL,NULL,NULL,0),(74,'Dracula','2014-11-24','2017-04-28','P1150043-min.JPG',0,'monchhichi',32.54,NULL,'2017-04-28',NULL,NULL,NULL,0),(75,'Mods boy','2014-11-24','2017-04-28','P1150042-min.JPG',0,'monchhichi',26.58,NULL,'2017-04-28',NULL,NULL,NULL,0),(76,'Ecolier','2014-11-24','2017-04-28','P1150035-min.JPG',0,'monchhichi',32.54,NULL,'2017-04-28',NULL,NULL,NULL,0),(77,'Pompier','2007-08-10','2017-04-28','P1150096-min.JPG',0,'monchhichi',29.90,NULL,'2017-04-28',NULL,NULL,NULL,0),(78,'Docteur','2007-08-10','2017-04-28','P1150107-min.JPG',0,'monchhichi',29.90,NULL,'2017-04-28',NULL,NULL,NULL,0),(79,'Gendarme','2007-08-10','2017-04-28','P1150095-min.JPG',0,'monchhichi',29.90,NULL,'2017-04-28',NULL,NULL,NULL,0),(80,'Infirmière','2007-08-10','2017-04-28','P1150106-min.JPG',0,'monchhichi',29.90,NULL,'2017-04-28',NULL,NULL,NULL,0),(81,'Gendarmette','2007-08-10','2017-04-28','P1150108-min.JPG',0,'monchhichi',29.90,NULL,'2017-04-28',NULL,NULL,NULL,0),(82,'Golfeur','2007-08-10','2017-04-28','P1150104-min.JPG',0,'monchhichi',29.90,NULL,'2017-04-28',NULL,NULL,NULL,0),(83,'Mont St Michel',NULL,'2017-05-01','71UkaErXWuL._SX522_.jpg',1,'nanoblock',NULL,NULL,'2017-05-01',340,0,NULL,0),(84,'Squelette tigre NONAGON',NULL,'2017-05-01','squelette-tigre-nonagon.jpg',1,'nanoblock',NULL,NULL,'2017-05-01',720,0,NULL,0),(85,'Château de Neuschwanstein','2017-04-23','2017-05-01','P6090011.JPG',0,'nanoblock',NULL,NULL,'2017-06-10',5800,1,NULL,0),(86,'Voilier',NULL,'2017-05-01','voilier.jpg',1,'nanoblock',NULL,NULL,'2017-05-01',1800,0,NULL,0),(87,'Hamsters',NULL,'2017-05-01','hamster.jpg',1,'nanoblock',NULL,NULL,'2017-05-01',170,0,NULL,0),(88,'Poissons-Ballons Vert',NULL,'2017-05-01','green-spotted-puffer.jpg',1,'nanoblock',NULL,NULL,'2017-05-01',150,0,NULL,0),(90,'Bière',NULL,'2017-05-01','ml-033_a__22825.1297951430.1280.1280.jpg',1,'nanoblock',NULL,NULL,'2017-05-01',130,0,NULL,0),(91,'I <3 Dogs',NULL,'2017-05-01','ml-032_a__75426.1297951430.1280.1280.jpg',1,'nanoblock',NULL,NULL,'2017-05-01',0,0,NULL,0),(92,'Perroquet',NULL,'2017-05-01','2__55569.1459755139.1280.1280.jpg',1,'nanoblock',NULL,NULL,'2017-05-01',110,0,NULL,0),(93,'Koala',NULL,'2017-05-01','nanoblock-koala.jpg',1,'nanoblock',NULL,NULL,'2017-05-01',150,0,NULL,0),(94,'Crocodile du Nil',NULL,'2017-05-01','nile-crocodile.jpg',1,'nanoblock',NULL,NULL,'2017-05-01',100,0,NULL,0),(95,'Méduses',NULL,'2017-05-01','moon-jellyfish.jpg',1,'nanoblock',NULL,NULL,'2017-05-01',200,0,NULL,0),(96,'Maman singe et son bébé',NULL,'2017-05-01','maman-singe-et-son-bebe.jpg',1,'nanoblock',NULL,NULL,'2017-05-01',180,0,NULL,0),(97,'Poisson-clown et poisson palette',NULL,'2017-05-01','le-poisson-clown-et-le-chirurgien-bleu.jpg',1,'nanoblock',NULL,NULL,'2017-05-01',180,0,NULL,0),(98,'Loutre cendrée',NULL,'2017-05-01','loutre-cendree.jpg',1,'nanoblock',NULL,NULL,'2017-05-01',120,0,NULL,0),(99,'Phoque et son bébé',NULL,'2017-05-01','phoca-largha-et-son-bebe.jpg',1,'nanoblock',NULL,NULL,'2017-05-01',130,0,NULL,0),(100,'Dauphin à flancs blancs du Pacifique',NULL,'2017-05-01','dauphin-a-flancs-blancs-du-pacifique.jpg',1,'nanoblock',NULL,NULL,'2017-05-01',110,0,NULL,0),(101,'Coq',NULL,'2017-05-01','coq.jpg',1,'nanoblock',NULL,NULL,'2017-05-01',100,0,NULL,0),(102,'Mon premier','1995-01-01','2017-05-20','P1150158-min.JPG',0,'monchhichi',NULL,NULL,'2017-05-20',NULL,NULL,NULL,0),(103,'Mère Noël','2000-12-25','2017-05-20','P1150099-min.JPG',0,'monchhichi',NULL,NULL,'2017-05-20',NULL,NULL,NULL,0),(104,'Christophe Maé','2000-12-25','2017-05-20','P1150162-min.JPG',0,'monchhichi',NULL,NULL,'2017-05-20',NULL,NULL,NULL,0),(105,'Kittencorn Blue','2017-04-27','2017-06-09','P6090014.JPG',0,'minis',NULL,NULL,'2017-06-09',NULL,NULL,NULL,0),(106,'Narwhal White Diamond','2017-05-10','2017-06-09','P6090016.JPG',0,'minis',NULL,NULL,'2017-06-09',NULL,NULL,NULL,0),(107,'Puppicorn Orange','2017-05-10','2017-06-09','P6090015.JPG',0,'minis',NULL,NULL,'2017-06-09',NULL,NULL,NULL,0),(108,'Ezio','2016-12-02','2017-06-09','P6090032.JPG',0,'funkopop',12.00,NULL,'2017-06-09',NULL,NULL,NULL,0),(109,'Connor','2017-05-24','2017-06-09','P6090031.JPG',0,'funkopop',9.20,NULL,'2017-06-09',NULL,NULL,NULL,0),(110,'Ghost','2017-05-30','2017-06-09','P6090037.JPG',0,'funkopop',11.22,NULL,'2017-06-09',NULL,NULL,NULL,0),(111,'Harry Potter','2017-06-02','2017-06-09','P6090038.JPG',0,'funkopop',15.47,NULL,'2017-06-09',NULL,NULL,NULL,0),(112,'Cosima','2017-06-02','2017-06-09','P6090036.JPG',0,'funkopop',15.47,NULL,'2017-06-09',NULL,NULL,NULL,0),(113,'Simba','2017-05-30','2017-06-09','P6090035.JPG',0,'funkopop',10.90,NULL,'2017-06-09',NULL,NULL,NULL,0),(114,'Altaïr','2017-05-24','2017-06-09','P6090034.JPG',0,'funkopop',9.20,NULL,'2017-06-09',NULL,NULL,NULL,0),(115,'Edward','2017-06-01','2017-06-09','P6090030.JPG',0,'funkopop',18.10,NULL,'2017-06-09',NULL,NULL,NULL,0),(116,'Dustin','2017-05-30','2017-06-10','P6090029.JPG',0,'funkopop',12.07,NULL,'2017-06-10',NULL,NULL,NULL,0),(117,'Arno','2017-05-24','2017-06-10','P6090028.JPG',0,'funkopop',9.20,NULL,'2017-06-10',NULL,NULL,NULL,0),(118,'Aveline','2017-05-24','2017-06-10','P6090027.JPG',0,'funkopop',9.20,NULL,'2017-06-10',NULL,NULL,NULL,0),(119,'Evie','2017-05-24','2017-06-10','P6090026.JPG',0,'funkopop',9.20,NULL,'2017-06-10',NULL,NULL,NULL,0),(120,'La belle et le clochard','2017-05-21','2017-06-10','P6090025.JPG',0,'funkopop',32.76,NULL,'2017-06-10',NULL,NULL,NULL,0),(121,'Max','2017-05-21','2017-06-10','P6090005.JPG',0,'funkopop',8.44,NULL,'2017-06-10',NULL,NULL,NULL,0),(122,'Ecossaise','2017-05-20','2017-06-10','P6090007.JPG',0,'monchhichi',13.50,NULL,'2017-06-10',NULL,NULL,NULL,0),(123,'Salopette rouge','2017-05-20','2017-06-10','s-l16001.jpg',0,'monchhichi',11.80,NULL,'2017-06-10',NULL,NULL,NULL,0),(124,'Voiture Kiki','2017-05-22','2017-06-10','s-l1600.jpg',0,'monchhichi',18.80,NULL,'2017-06-10',NULL,NULL,NULL,0),(125,'Explorateur','2017-05-21','2017-06-10','P6090013.JPG',0,'monchhichi',31.50,NULL,'2017-06-10',NULL,NULL,NULL,0),(126,'Lit','2017-05-22','2017-06-10','s-l16002.jpg',0,'monchhichi',13.90,NULL,'2017-06-10',NULL,NULL,NULL,0),(127,'Grenouilles','2017-04-25','2017-06-10','1__98803.1444194258.1280.1280.jpg',0,'nanoblock',NULL,NULL,'2017-06-10',120,0,NULL,0),(128,'Tour Eiffel','2017-04-25','2017-06-10','P6090009.JPG',0,'nanoblock',NULL,NULL,'2017-06-10',310,1,NULL,0),(129,'Lapin','2017-04-25','2017-06-10','P7190056.JPG',0,'nanoblock',NULL,NULL,'2018-08-02',120,1,NULL,0),(130,'Felix','2017-07-09','2017-07-17','1127561793.jpg',0,'funkopop',9.50,NULL,'2017-07-17',NULL,NULL,NULL,0),(131,'Sarah Manning','2017-07-09','2017-07-17','1127561823.jpg',0,'funkopop',9.50,NULL,'2017-07-17',NULL,NULL,NULL,0),(132,'Alison Hendrix','2017-07-09','2017-07-17','1127563936.jpg',0,'funkopop',9.50,NULL,'2017-07-17',NULL,NULL,NULL,0),(133,'Dresseuse de chien','2017-07-18','2017-07-19','P7190055.JPG',0,'monchhichi',NULL,NULL,'2017-07-19',NULL,NULL,NULL,0),(134,'Rachel Duncan','2017-07-10','2017-07-29','20180812_200331.jpg',0,'funkopop',8.28,NULL,'2018-08-12',NULL,NULL,NULL,0),(135,'Battle of the Bastards','2017-07-10','2017-07-29','20180812_200256.jpg',0,'funkopop',17.63,NULL,'2018-08-12',NULL,NULL,NULL,0),(136,'Helena','2017-07-12','2017-07-29','20180812_200313.jpg',0,'funkopop',10.10,NULL,'2018-08-12',NULL,NULL,NULL,0),(137,'Beca','2017-07-12','2017-07-29','20180812_195258.jpg',0,'funkopop',10.10,NULL,'2018-08-12',NULL,NULL,NULL,0),(138,'Fat Amy','2017-07-12','2017-07-29','20180812_195540.jpg',0,'funkopop',10.10,NULL,'2018-08-12',NULL,NULL,NULL,0),(139,'Nick Wilde','2017-07-12','2017-07-29','20180812_195107.jpg',0,'funkopop',10.10,NULL,'2018-08-12',NULL,NULL,NULL,0),(140,'Alex DeLarge','2017-08-02','2017-08-11','20180812_195747.jpg',0,'funkopop',8.85,NULL,'2018-08-12',NULL,NULL,NULL,0),(141,'Khal Drogo','2017-08-02','2017-08-11','20180812_195826.jpg',0,'funkopop',9.60,NULL,'2018-08-12',NULL,NULL,NULL,0),(142,'Cersei Lannister','2017-06-09','2017-08-11','20180812_200108.jpg',0,'funkopop',11.67,NULL,'2018-08-12',NULL,NULL,NULL,0),(143,'Rick Grimes','2017-08-01','2017-08-21','20180812_201541.jpg',0,'funkopop',8.85,NULL,'2018-08-12',NULL,NULL,NULL,0),(144,'Simba - crinière de feuilles','2017-06-09','2017-08-21','20180812_195133.jpg',0,'funkopop',11.67,NULL,'2018-08-12',NULL,NULL,NULL,0),(145,'Bambi (flocked)','2017-08-07','2017-08-21','1534096216644366475259.jpg',0,'funkopop',14.97,NULL,'2018-08-12',NULL,NULL,NULL,0),(146,'Ted avec bouteille de bière','2017-08-07','2017-08-21','20180812_195601.jpg',0,'funkopop',14.97,NULL,'2018-08-12',NULL,NULL,NULL,0),(147,'Coccinelle','2017-08-19','2017-08-21','715YJteos-L._SL1200_.jpg',0,'monchhichi',22.99,NULL,'2017-08-21',NULL,NULL,NULL,0),(148,'Princesse','2017-08-19','2017-08-21','1130337928.jpg',0,'monchhichi',29.99,NULL,'2017-08-21',NULL,NULL,NULL,0),(149,'La Citadelle de Besançon - Tigre de Sibérie',NULL,'2017-10-22',NULL,0,'medal',2.00,NULL,'2017-10-22',NULL,NULL,2000,0),(150,'La Citadelle de Besançon - Tigre de Sibérie',NULL,'2017-10-22',NULL,0,'medal',2.00,NULL,'2017-10-22',NULL,NULL,2000,0),(151,'La Citadelle de Besançon',NULL,'2017-10-22',NULL,0,'medal',2.00,NULL,'2017-10-22',NULL,NULL,2017,0),(152,'La Palmyre - Charente-Maritime',NULL,'2017-10-22',NULL,0,'medal',2.00,NULL,'2017-10-22',NULL,NULL,2001,0),(153,'La Palmyre - Charente-Maritime',NULL,'2017-10-22',NULL,0,'medal',2.00,NULL,'2017-10-22',NULL,NULL,2001,0),(155,'Aquarium - La Rochelle',NULL,'2017-10-22',NULL,0,'medal',2.00,NULL,'2017-10-22',NULL,NULL,2003,0),(156,'Aquarium - La Rochelle',NULL,'2017-10-22',NULL,0,'medal',2.00,NULL,'2017-10-22',NULL,NULL,2003,0),(157,'Cerza - Lisieux',NULL,'2017-10-22',NULL,0,'medal',2.00,NULL,'2017-10-22',NULL,NULL,2013,0),(158,'Le Pal - Allier',NULL,'2017-10-22',NULL,0,'medal',2.00,NULL,'2017-10-22',NULL,NULL,2008,0),(159,'Beauval - Val de Loire',NULL,'2017-10-22',NULL,0,'medal',2.00,NULL,'2017-10-22',NULL,NULL,NULL,0),(160,'La Ferme aux Crocodiles - Pierrelatte',NULL,'2017-10-22',NULL,0,'medal',2.00,NULL,'2017-10-22',NULL,NULL,2001,0),(161,'La Ferme aux Crocodiles - Pierrelatte',NULL,'2017-10-22',NULL,0,'medal',2.00,NULL,'2017-10-22',NULL,NULL,2001,0),(162,'Zoo de Mulhouse - Alsace',NULL,'2017-10-22',NULL,0,'medal',2.00,NULL,'2017-10-22',NULL,NULL,NULL,0),(163,'Le Pal - Allier',NULL,'2017-10-22',NULL,0,'medal',2.00,NULL,'2017-10-22',NULL,NULL,2016,0),(164,'Le Pal - Allier',NULL,'2017-10-22',NULL,0,'medal',2.00,NULL,'2017-10-22',NULL,NULL,2017,0),(165,'Le Pal - Allier',NULL,'2017-10-22',NULL,0,'medal',2.00,NULL,'2017-10-22',NULL,NULL,2014,0),(166,'Le Pal - Allier',NULL,'2017-10-22',NULL,0,'medal',2.00,NULL,'2017-10-22',NULL,NULL,2013,0),(167,'Le Pal - Allier',NULL,'2017-10-22',NULL,0,'medal',2.00,NULL,'2017-10-22',NULL,NULL,2016,0),(168,'Le Pal - Allier',NULL,'2017-10-22',NULL,0,'medal',2.00,NULL,'2017-10-22',NULL,NULL,2017,0),(169,'Le Pal - Allier',NULL,'2017-10-22',NULL,0,'medal',2.00,NULL,'2017-10-22',NULL,NULL,2014,0),(170,'Le Pal - Allier',NULL,'2017-10-22',NULL,0,'medal',2.00,NULL,'2017-10-22',NULL,NULL,2015,0),(171,'Le Pal - Allier',NULL,'2017-10-22',NULL,0,'medal',2.00,NULL,'2017-10-22',NULL,NULL,2017,0),(172,'Le Pal - Allier',NULL,'2017-10-22',NULL,0,'medal',2.00,NULL,'2017-10-22',NULL,NULL,2016,0),(173,'Cathédrale Notre Dame - Puy en Velay',NULL,'2017-10-22',NULL,0,'medal',2.00,NULL,'2017-10-22',NULL,NULL,2014,0),(174,'Saint-Michel d\'Aiguilhe',NULL,'2017-10-22',NULL,0,'medal',2.00,NULL,'2017-10-22',NULL,NULL,2012,0),(175,'Puy en Velay',NULL,'2017-10-22',NULL,0,'medal',2.00,NULL,'2017-10-22',NULL,NULL,2016,0),(176,'Cathédrale Notre Dame - Puy en Velay',NULL,'2017-10-22',NULL,0,'medal',2.00,NULL,'2017-10-22',NULL,NULL,NULL,0),(177,'Notre Dame de France - Puy en Velay',NULL,'2017-10-22',NULL,0,'medal',2.00,NULL,'2017-10-22',NULL,NULL,2013,0),(178,'Basilique de la Madeleine - Vézelay',NULL,'2017-10-22',NULL,0,'medal',2.00,NULL,'2017-10-22',NULL,NULL,2006,0),(179,'Cathédrale Notre Dame - Rouen',NULL,'2017-10-22',NULL,0,'medal',2.00,NULL,'2017-10-22',NULL,NULL,2008,0),(180,'Strasbourg',NULL,'2017-10-22',NULL,0,'medal',2.00,NULL,'2017-10-22',NULL,NULL,2016,0),(181,'Cathédrale Notre Dame - Strasbourg',NULL,'2017-10-22',NULL,0,'medal',2.00,NULL,'2017-10-22',NULL,NULL,2006,0),(182,'Abbaye de Cluny',NULL,'2017-10-22',NULL,0,'medal',2.00,NULL,'2017-10-22',NULL,NULL,2016,0),(183,'Monastère Royal de Brou',NULL,'2017-10-22',NULL,0,'medal',2.00,NULL,'2017-10-22',NULL,NULL,2016,0),(184,'Monastère Royal de Brou',NULL,'2017-10-22',NULL,0,'medal',2.00,NULL,'2017-10-22',NULL,NULL,2017,0),(185,'Notre Dame de Lourdes - Sainte Bernadette Soubirous',NULL,'2017-10-22',NULL,0,'medal',2.00,NULL,'2017-10-22',NULL,NULL,NULL,0),(186,'Basilique Saint Nazaire - Cité de Carcassonne',NULL,'2017-10-22',NULL,0,'medal',2.00,NULL,'2017-10-22',NULL,NULL,2004,0),(187,'Basilique de Paray le Monial',NULL,'2017-10-22',NULL,0,'medal',2.00,NULL,'2017-10-22',NULL,NULL,2016,0),(188,'Beffroi de Bergues',NULL,'2017-10-22',NULL,0,'medal',3.50,NULL,'2017-10-22',NULL,NULL,NULL,0),(189,'Place Stanislas - Nancy',NULL,'2017-10-22',NULL,0,'medal',2.00,NULL,'2017-10-22',NULL,NULL,NULL,0),(190,'Chateau de Versailles',NULL,'2017-10-22',NULL,0,'medal',2.00,NULL,'2017-10-22',NULL,NULL,NULL,0),(191,'La Mère Poulard - Mont Saint Michel',NULL,'2017-10-22',NULL,0,'medal',2.00,NULL,'2017-10-22',NULL,NULL,2015,0),(192,'Chapelle Notre Dame du Haut - Ronchamp',NULL,'2017-10-22',NULL,0,'medal',2.00,NULL,'2017-10-22',NULL,NULL,2016,0),(193,'Saint Claude - Haut Jura',NULL,'2017-10-22',NULL,0,'medal',2.00,NULL,'2017-10-22',NULL,NULL,2016,0),(194,'Ancienne Saline Nationale - Salins Les Bains',NULL,'2017-10-22',NULL,0,'medal',2.00,NULL,'2017-10-22',NULL,NULL,2014,0),(195,'Grande Saline - Salin Les Bains',NULL,'2017-10-22',NULL,0,'medal',2.00,NULL,'2017-10-22',NULL,NULL,2016,0),(196,'Hospices de Beaune',NULL,'2017-10-22',NULL,0,'medal',2.00,NULL,'2017-10-22',NULL,NULL,2006,0),(197,'Hospices de Beaune',NULL,'2017-10-22',NULL,0,'medal',2.00,NULL,'2017-10-22',NULL,NULL,2006,0),(198,'Le Saut du Doubs',NULL,'2017-10-22',NULL,0,'medal',2.00,NULL,'2017-10-22',NULL,NULL,2007,0),(199,'Le Saut du Doubs',NULL,'2017-10-22',NULL,0,'medal',2.00,NULL,'2017-10-22',NULL,NULL,2014,0),(200,'Le Saut du Doubs',NULL,'2017-10-22',NULL,0,'medal',2.00,NULL,'2017-10-22',NULL,NULL,2017,0),(201,'Toussaint Louverture - Chateau de Joux',NULL,'2017-10-22',NULL,0,'medal',2.00,NULL,'2017-10-22',NULL,NULL,2016,0),(202,'Chateau de Joux - Franche Comté',NULL,'2017-10-22',NULL,0,'medal',2.00,NULL,'2017-10-22',NULL,NULL,2012,0),(203,'Pic du Midi - La Mongie',NULL,'2017-10-22',NULL,0,'medal',3.00,NULL,'2017-10-22',NULL,NULL,NULL,0),(204,'Chateau de Pau',NULL,'2017-10-22',NULL,0,'medal',2.00,NULL,'2017-10-22',NULL,NULL,2015,0),(205,'Hommage à Henri IV Roi de France',NULL,'2017-10-22',NULL,0,'medal',2.00,NULL,'2017-10-22',NULL,NULL,NULL,0),(206,'Saint Jean Pied de Port',NULL,'2017-10-22',NULL,0,'medal',2.00,NULL,'2017-10-22',NULL,NULL,NULL,0),(207,'Pont Vieux - Saint Jean Pied de Port',NULL,'2017-10-22',NULL,0,'medal',2.00,NULL,'2017-10-22',NULL,NULL,2017,0),(208,'Forteresse de Polignac',NULL,'2017-10-22',NULL,0,'medal',2.00,NULL,'2017-10-22',NULL,NULL,2017,0),(209,'Forteresse médiévale de Peyrepertuse',NULL,'2017-10-22',NULL,0,'medal',2.00,NULL,'2017-10-22',NULL,NULL,2003,0),(210,'Cit de Carcassonne - Aude',NULL,'2017-10-22',NULL,0,'medal',2.00,NULL,'2017-10-22',NULL,NULL,2004,0),(211,'Pays Basque - Fandango',NULL,'2017-10-22',NULL,0,'medal',2.00,NULL,'2017-10-22',NULL,NULL,NULL,0),(212,'Espelette',NULL,'2017-10-22',NULL,0,'medal',2.00,NULL,'2017-10-22',NULL,NULL,NULL,0),(213,'Circuit du Chat Perché - Dole',NULL,'2017-10-22',NULL,0,'medal',2.00,NULL,'2017-10-22',NULL,NULL,2015,0),(214,'Porte de Brisach - Vauban - Citadelle de Belfort',NULL,'2017-10-22',NULL,0,'medal',2.00,NULL,'2017-10-22',NULL,NULL,NULL,0),(215,'Le Lion - Bartholdi - Belfot',NULL,'2017-10-22',NULL,0,'medal',2.00,NULL,'2017-10-22',NULL,NULL,NULL,0),(216,'Musées et citadelle de Belfort',NULL,'2017-10-22',NULL,0,'medal',2.00,NULL,'2017-10-22',NULL,NULL,2017,0),(217,'Le Blockhaus d\'Eperlecques',NULL,'2017-10-22',NULL,0,'medal',2.00,NULL,'2017-10-22',NULL,NULL,2011,0),(218,'La Coupole - Saint Omer',NULL,'2017-10-22',NULL,0,'medal',2.00,NULL,'2017-10-22',NULL,NULL,2010,0),(219,'La Coupole - Saint Omer',NULL,'2017-10-22',NULL,0,'medal',2.00,NULL,'2017-10-22',NULL,NULL,2010,0),(220,'Cité de l\'automobile - Mulhouse',NULL,'2017-10-22',NULL,0,'medal',2.00,NULL,'2017-10-22',NULL,NULL,2016,0),(221,'Cité de l\'automobile - Mulhouse',NULL,'2017-10-22',NULL,0,'medal',2.00,NULL,'2017-10-22',NULL,NULL,2016,0),(222,'Pont du Gard',NULL,'2017-10-22',NULL,0,'medal',2.00,NULL,'2017-10-22',NULL,NULL,2001,0),(223,'Pont du Gard',NULL,'2017-10-22',NULL,0,'medal',2.00,NULL,'2017-10-22',NULL,NULL,2001,0),(224,'Les Arènes - Nimes',NULL,'2017-10-22',NULL,0,'medal',2.00,NULL,'2017-10-22',NULL,NULL,2001,0),(225,'Les Arènes - Nimes',NULL,'2017-10-22',NULL,0,'medal',2.00,NULL,'2017-10-22',NULL,NULL,2001,0),(226,'Norvège',NULL,'2017-10-22',NULL,0,'medal',NULL,NULL,'2017-10-22',NULL,NULL,NULL,0),(227,'Pont de Normandie',NULL,'2017-10-22',NULL,0,'medal',2.05,NULL,'2017-10-22',NULL,NULL,NULL,0),(228,'Je porte Bonheur',NULL,'2017-10-22',NULL,0,'medal',2.00,NULL,'2017-10-22',NULL,NULL,2015,0),(229,'Les éditions Leuchtturm fêtent leurs 10 ans',NULL,'2017-10-22',NULL,0,'medal',2.00,NULL,'2017-10-22',NULL,NULL,NULL,0),(230,'Le Mausolée d\'Halicarnasse',NULL,'2017-10-22',NULL,0,'medal',1.75,NULL,'2017-10-22',NULL,NULL,2014,0),(231,'La Pyramide de Khéops',NULL,'2017-10-22',NULL,0,'medal',1.75,NULL,'2017-10-22',NULL,NULL,2015,0),(232,'La Statue de Zeus',NULL,'2017-10-22',NULL,0,'medal',1.75,NULL,'2017-10-22',NULL,NULL,2014,0),(233,'Le Temple dArtémis',NULL,'2017-10-22',NULL,0,'medal',1.75,NULL,'2017-10-22',NULL,NULL,2014,0),(234,'Le Phare d\'Alexandrie',NULL,'2017-10-22',NULL,0,'medal',2.00,NULL,'2017-10-22',NULL,NULL,2014,0),(235,'Les Jardins suspendus de Babylone',NULL,'2017-10-22',NULL,0,'medal',1.75,NULL,'2017-10-22',NULL,NULL,2015,0),(236,'Le Colosse de Rhodes',NULL,'2017-10-22',NULL,0,'medal',1.75,NULL,'2017-10-22',NULL,NULL,2015,0),(237,'Capricorne',NULL,'2017-10-22',NULL,0,'medal',1.66,NULL,'2017-10-22',NULL,NULL,2016,0),(238,'Verseau',NULL,'2017-10-22',NULL,0,'medal',1.66,NULL,'2017-10-22',NULL,NULL,2014,0),(239,'Poissons',NULL,'2017-10-22',NULL,0,'medal',1.66,NULL,'2017-10-22',NULL,NULL,2014,0),(240,'Belier',NULL,'2017-10-22',NULL,0,'medal',1.66,NULL,'2017-10-22',NULL,NULL,2014,0),(241,'Taureau',NULL,'2017-10-22',NULL,0,'medal',1.66,NULL,'2017-10-22',NULL,NULL,2014,0),(242,'Gémeaux',NULL,'2017-10-22',NULL,0,'medal',1.66,NULL,'2017-10-22',NULL,NULL,2014,0),(243,'Cancer',NULL,'2017-10-22',NULL,0,'medal',2.00,NULL,'2017-10-22',NULL,NULL,2015,0),(244,'Lion',NULL,'2017-10-22',NULL,0,'medal',1.66,NULL,'2017-10-22',NULL,NULL,2015,0),(245,'Vierge',NULL,'2017-10-22',NULL,0,'medal',1.66,NULL,'2017-10-22',NULL,NULL,2015,0),(246,'Balance',NULL,'2017-10-22',NULL,0,'medal',2.00,NULL,'2017-10-22',NULL,NULL,2016,0),(247,'Scorpion',NULL,'2017-10-22',NULL,0,'medal',2.00,NULL,'2017-10-22',NULL,NULL,2016,0),(248,'Sagittaire',NULL,'2017-10-22',NULL,0,'medal',2.00,NULL,'2017-10-22',NULL,NULL,2016,0),(249,'Tic et Tac','2017-05-21','2017-10-22','20180812_195449.jpg',0,'funkopop',21.80,NULL,'2018-08-12',NULL,NULL,NULL,0),(250,'L (avec cake)','2018-07-26','2018-08-02','20180812_200145.jpg',0,'funkopop',2.99,NULL,'2018-08-12',NULL,NULL,NULL,0),(251,'Pumba','2018-07-26','2018-08-02','1534095762975-1288224610.jpg',0,'funkopop',2.59,NULL,'2018-08-12',NULL,NULL,NULL,0),(252,'Daenerys & Drogon','2018-07-26','2018-08-02','20180812_200453.jpg',0,'funkopop',6.09,NULL,'2018-08-12',NULL,NULL,NULL,0),(253,'Dolores','2018-07-29','2018-08-02','20180812_195924.jpg',0,'funkopop',8.49,NULL,'2018-08-12',NULL,NULL,NULL,0),(254,'Bernard','2018-07-29','2018-08-02','20180812_195906.jpg',0,'funkopop',8.11,NULL,'2018-08-12',NULL,NULL,NULL,0),(255,'Rafiki avec Simba','2017-06-09','2018-08-02','20180812_195211.jpg',0,'funkopop',11.79,NULL,'2018-08-12',NULL,NULL,NULL,0),(257,'Drogon','2018-03-30','2018-08-02','20180812_195727.jpg',0,'funkopop',10.18,NULL,'2018-08-12',NULL,NULL,NULL,0),(258,'Lexa','2017-08-07','2018-08-02','20180812_195847.jpg',0,'funkopop',14.97,NULL,'2018-08-12',NULL,NULL,NULL,0),(259,'Kiki qui pleure',NULL,'2018-08-02','P1150021-min.JPG',0,'monchhichi',NULL,NULL,'2018-08-02',NULL,NULL,NULL,0),(260,'Coquillage',NULL,'2018-08-02','P1150036-min.JPG',0,'monchhichi',NULL,NULL,'2018-08-02',NULL,NULL,NULL,0),(261,'Fraise',NULL,'2018-08-02','P1150037-min.JPG',0,'monchhichi',NULL,NULL,'2018-08-02',NULL,NULL,NULL,0),(262,'Fleur',NULL,'2018-08-02','P1150038-min.JPG',0,'monchhichi',NULL,NULL,'2018-08-02',NULL,NULL,NULL,0),(263,'Citron',NULL,'2018-08-02','P1150039-min.JPG',0,'monchhichi',NULL,NULL,'2018-08-02',NULL,NULL,NULL,0),(264,'Orange',NULL,'2018-08-02','P1150040-min.JPG',0,'monchhichi',NULL,NULL,'2018-08-02',NULL,NULL,NULL,0),(265,'Ananas',NULL,'2018-08-02','P1150041-min.JPG',0,'monchhichi',NULL,NULL,'2018-08-02',NULL,NULL,NULL,0),(266,'Lapin',NULL,'2018-08-02','P1150044-min.JPG',0,'monchhichi',NULL,NULL,'2018-08-02',NULL,NULL,NULL,0),(267,'Pastèque',NULL,'2018-08-02','P1150046-min.JPG',0,'monchhichi',NULL,NULL,'2018-08-02',NULL,NULL,NULL,0),(268,'Punk',NULL,'2018-08-02','P1150049-min.JPG',0,'monchhichi',NULL,NULL,'2018-08-02',NULL,NULL,NULL,0),(269,'Rockeur',NULL,'2018-08-02','P1150051-min.JPG',0,'monchhichi',NULL,NULL,'2018-08-02',NULL,NULL,NULL,0),(270,'Elvis',NULL,'2018-08-02','P1150053-min.JPG',0,'monchhichi',NULL,NULL,'2018-08-02',NULL,NULL,NULL,0),(271,'Marilyn',NULL,'2018-08-02','P1150054-min.JPG',0,'monchhichi',NULL,NULL,'2018-08-02',NULL,NULL,NULL,0),(272,'Bonhomme de neige',NULL,'2018-08-02','P1150055-min.JPG',0,'monchhichi',NULL,NULL,'2018-08-02',NULL,NULL,NULL,0),(273,'Bleu',NULL,'2018-08-02','P1150102-min.JPG',0,'monchhichi',NULL,NULL,'2018-08-02',NULL,NULL,NULL,0),(274,'Kiki',NULL,'2018-08-02','P1150100-min.JPG',0,'monchhichi',NULL,NULL,'2018-08-02',NULL,NULL,NULL,0),(275,'A la plage',NULL,'2018-08-02','P1150070-min.JPG',0,'monchhichi',NULL,NULL,'2018-08-02',NULL,NULL,NULL,0),(276,'Jardinier',NULL,'2018-08-02','P1150071-min.JPG',0,'monchhichi',NULL,NULL,'2018-08-02',NULL,NULL,NULL,0),(277,'Rugbyman',NULL,'2018-08-02','P1150097-min.JPG',0,'monchhichi',NULL,NULL,'2018-08-02',NULL,NULL,NULL,0),(278,'Rasta',NULL,'2018-08-02','P1150103-min.JPG',0,'monchhichi',NULL,NULL,'2018-08-02',NULL,NULL,NULL,0),(279,'Super Kiki',NULL,'2018-08-02','P1150105-min.JPG',0,'monchhichi',NULL,NULL,'2018-08-02',NULL,NULL,NULL,0),(280,'Baron',NULL,'2018-08-02','P1150110-min.JPG',0,'monchhichi',NULL,NULL,'2018-08-02',NULL,NULL,NULL,0),(281,'Zorro',NULL,'2018-08-02','P1150111-min.JPG',0,'monchhichi',NULL,NULL,'2018-08-02',NULL,NULL,NULL,0),(282,'Bon anniv\'',NULL,'2018-08-02','P1150115-min.JPG',0,'monchhichi',NULL,NULL,'2018-08-02',NULL,NULL,NULL,0),(283,'Raisin',NULL,'2018-08-02','P1150120-min.JPG',0,'monchhichi',NULL,NULL,'2018-08-02',NULL,NULL,NULL,0),(284,'Cromagnon',NULL,'2018-08-02','P1150124-min.JPG',0,'monchhichi',NULL,NULL,'2018-08-02',NULL,NULL,NULL,0),(285,'Cromagnonne',NULL,'2018-08-02','P1150125-min.JPG',0,'monchhichi',NULL,NULL,'2018-08-02',NULL,NULL,NULL,0),(286,'Diplômé',NULL,'2018-08-02','P1150127-min.JPG',0,'monchhichi',NULL,NULL,'2018-08-02',NULL,NULL,NULL,0),(287,'Otaku',NULL,'2018-08-02','P1150128-min.JPG',0,'monchhichi',NULL,NULL,'2018-08-02',NULL,NULL,NULL,0),(288,'Ange',NULL,'2018-08-02','P1150126-min.JPG',0,'monchhichi',NULL,NULL,'2018-08-02',NULL,NULL,NULL,0),(289,'Robin des bois',NULL,'2018-08-02','P1150129-min.JPG',0,'monchhichi',NULL,NULL,'2018-08-02',NULL,NULL,NULL,0),(290,'le kiki 2 tou lé kiki',NULL,'2018-08-02','P1150182-min.JPG',0,'monchhichi',NULL,NULL,'2018-08-02',NULL,NULL,NULL,0),(291,'T tro s1pa',NULL,'2018-08-02','P1150181-min.JPG',0,'monchhichi',NULL,NULL,'2018-08-02',NULL,NULL,NULL,0),(292,'Pirate',NULL,'2018-08-02','P1150174-min.JPG',0,'monchhichi',NULL,NULL,'2018-08-02',NULL,NULL,NULL,0),(293,'Pirate',NULL,'2018-08-02','P1150165-min.JPG',0,'monchhichi',NULL,NULL,'2018-08-02',NULL,NULL,NULL,0),(294,'Dormeur',NULL,'2018-08-02','P1150155-min.JPG',0,'monchhichi',NULL,NULL,'2018-08-02',NULL,NULL,NULL,0),(295,'Eskimo',NULL,'2018-08-02','P1150146-min.JPG',0,'monchhichi',NULL,NULL,'2018-08-02',NULL,NULL,NULL,0),(296,'Garde Royale',NULL,'2018-08-02','P1150147-min.JPG',0,'monchhichi',NULL,NULL,'2018-08-02',NULL,NULL,NULL,0),(297,'Night King & Icy Viserion','2018-07-27','2018-08-06','20180812_200424.jpg',0,'funkopop',10.99,NULL,'2018-08-12',NULL,NULL,NULL,0),(298,'Suzanne \"Crazy Eyes\" Warren','2018-07-26','2018-08-07','20180819_133530.jpg',0,'funkopop',14.36,NULL,'2018-08-19',NULL,NULL,NULL,0),(299,'Crash Bandicoot','2018-07-26','2018-08-07','20180819_132944.jpg',0,'funkopop',14.37,NULL,'2018-08-19',NULL,NULL,NULL,0),(300,'Sonic with ring','2018-07-26','2018-08-07','20180819_132923.jpg',0,'funkopop',14.37,NULL,'2018-08-19',NULL,NULL,NULL,0),(301,'Jack Sparrow','2018-07-29','2018-08-07','20180812_195811.jpg',0,'funkopop',8.14,NULL,'2018-08-12',NULL,NULL,NULL,0),(302,'Hannibal','2018-07-29','2018-08-07','20180812_195524.jpg',0,'funkopop',8.14,NULL,'2018-08-12',NULL,NULL,NULL,0),(303,'Maeve','2018-07-29','2018-08-07','20180812_200010.jpg',0,'funkopop',8.14,NULL,'2018-08-12',NULL,NULL,NULL,0),(304,'Steve','2018-07-29','2018-08-07','20180812_200204.jpg',0,'funkopop',8.14,NULL,'2018-08-12',NULL,NULL,NULL,0),(305,'Hercules','2018-07-29','2018-08-07','20180812_195232.jpg',0,'funkopop',7.69,NULL,'2018-08-12',NULL,NULL,NULL,0),(306,'Kevin','2018-07-31','2018-08-07','20180812_195648.jpg',0,'funkopop',7.74,NULL,'2018-08-12',NULL,NULL,NULL,0),(307,'Negan','2018-07-31','2018-08-07','20180812_201521.jpg',0,'funkopop',7.91,NULL,'2018-08-12',NULL,NULL,NULL,0),(308,'Joyce','2018-07-31','2018-08-07','20180812_200032.jpg',0,'funkopop',7.95,NULL,'2018-08-12',NULL,NULL,NULL,0),(309,'Marv','2018-07-31','2018-08-07','20180812_195705.jpg',0,'funkopop',7.91,NULL,'2018-08-12',NULL,NULL,NULL,0),(310,'Dr Robert Ford','2018-07-31','2018-08-07','20180812_200222.jpg',0,'funkopop',7.43,NULL,'2018-08-12',NULL,NULL,NULL,0),(311,'Bambi','2018-07-31','2018-08-07','20180819_133803.jpg',0,'funkopop',11.62,NULL,'2018-08-19',NULL,NULL,NULL,0),(312,'Panpan','2018-07-31','2018-08-07','20180819_133827.jpg',0,'funkopop',11.62,NULL,'2018-08-19',NULL,NULL,NULL,0),(313,'Fleur','2018-07-31','2018-08-07','20180819_133814.jpg',0,'funkopop',11.62,NULL,'2018-08-19',NULL,NULL,NULL,0),(314,'Jaqen H\'Ghar','2018-08-03','2018-08-07','20180812_200125.jpg',0,'funkopop',35.00,NULL,'2018-08-12',NULL,NULL,NULL,0),(315,'Stiles Stilinski',NULL,'2018-08-07','téléchargement.jpeg',1,'funkopop',NULL,NULL,'2018-08-07',NULL,NULL,NULL,0),(316,'Olenna Tyrell','2018-08-05','2018-08-07','20180819_133333.jpg',0,'funkopop',20.99,NULL,'2018-08-19',NULL,NULL,NULL,0),(317,'Foolkiller','2018-08-05','2018-08-07','20180819_133109.jpg',0,'funkopop',8.75,NULL,'2018-08-19',NULL,NULL,NULL,0),(318,'Pac-Man Blue Ghost','2018-08-05','2018-08-07','20180819_133001.jpg',0,'funkopop',8.75,NULL,'2018-08-19',NULL,NULL,NULL,0),(319,'Scott McCall','2018-08-05','2018-08-07','20180819_133612.jpg',0,'funkopop',8.75,NULL,'2018-08-19',NULL,NULL,NULL,0),(320,'Scott McCall (Werewolf)','2018-08-05','2018-08-07','20180819_133629.jpg',0,'funkopop',8.75,NULL,'2018-08-19',NULL,NULL,NULL,0),(321,'Walter White','2018-08-05','2018-08-07','20180819_133202.jpg',0,'funkopop',32.24,NULL,'2018-08-19',NULL,NULL,NULL,0),(322,'Walter White','2018-08-05','2018-08-07','20180819_133145.jpg',0,'funkopop',32.24,NULL,'2018-08-19',NULL,NULL,NULL,0),(323,'Heisenberg','2018-08-05','2018-08-07','20180819_133312.jpg',0,'funkopop',32.24,NULL,'2018-08-19',NULL,NULL,NULL,0),(324,'Jesse Pinkman','2018-08-05','2018-08-07','20180819_133241.jpg',0,'funkopop',32.24,NULL,'2018-08-19',NULL,NULL,NULL,0),(326,'Galina \"Red\" Reznikov','2018-08-10','2018-08-10','1535125397110-1214365749.jpg',0,'funkopop',22.98,NULL,'2018-08-24',NULL,NULL,NULL,0),(327,'Piper Chapman','2018-08-10','2018-08-10','1535125360295-955088340.jpg',0,'funkopop',32.58,NULL,'2018-08-24',NULL,NULL,NULL,0),(328,'George \"Pornstache\" Mendez','2018-08-09','2018-08-10','1535125285343-863501055.jpg',0,'funkopop',1.95,NULL,'2018-08-24',NULL,NULL,NULL,0),(329,'Alex Vause','2018-08-10','2018-08-10','20180819_133553.jpg',0,'funkopop',45.94,NULL,'2018-08-19',NULL,NULL,NULL,0),(330,'Eleven (Elevated)','2018-08-17','2018-08-17','1535733293329-575121715.jpg',0,'funkopop',9.30,NULL,'2018-08-31',NULL,NULL,NULL,0),(331,'Wun Wun','2018-08-17','2018-08-17','1535733248073121270311.jpg',0,'funkopop',12.08,NULL,'2018-08-31',NULL,NULL,NULL,0),(332,'Ted avec télécommande','2018-08-17','2018-08-17','1535125517766-772776830.jpg',0,'funkopop',18.09,NULL,'2018-08-24',NULL,NULL,NULL,0),(333,'Bugs Bunny','2018-08-17','2018-08-17','1536082718642-1283797635.jpg',0,'funkopop',7.99,NULL,'2018-09-04',NULL,NULL,NULL,0),(335,'Mr Bean','2018-08-17','2018-08-17','1535733089151602666303.jpg',0,'funkopop',7.27,NULL,'2018-08-31',NULL,NULL,NULL,0),(336,'Daenerys','2018-08-17','2018-08-17','15357332046161801277154.jpg',0,'funkopop',20.22,NULL,'2018-08-31',NULL,NULL,NULL,0),(337,'Tormund','2018-08-19','2018-08-19','1535125480089-138637596.jpg',0,'funkopop',7.99,NULL,'2018-08-24',NULL,NULL,NULL,0),(338,'Light','2018-08-19','2018-08-19','1535732727932-1622844470.jpg',0,'funkopop',8.05,NULL,'2018-08-31',NULL,NULL,NULL,0),(339,'Harry','2018-08-19','2018-08-19','1535732908695158373143.jpg',0,'funkopop',8.05,NULL,'2018-08-31',NULL,NULL,NULL,0),(340,'Man in black','2018-08-19','2018-08-19','15357330175711219873839.jpg',0,'funkopop',10.34,NULL,'2018-08-31',NULL,NULL,NULL,0),(341,'Ross Geller','2018-09-03','2018-09-03','1538153093076464442469.jpg',0,'funkopop',10.60,NULL,'2018-09-28',NULL,NULL,NULL,0),(342,'Chandler Bing','2018-09-03','2018-09-03','1538153298387-495966739.jpg',0,'funkopop',10.60,NULL,'2018-09-28',NULL,NULL,NULL,0),(343,'Phoebe Buffay','2018-09-03','2018-09-03','15381533317431888368856.jpg',0,'funkopop',10.60,NULL,'2018-09-28',NULL,NULL,NULL,0),(344,'Monica Geller','2018-09-03','2018-09-03','1538153026203417246660.jpg',0,'funkopop',10.60,NULL,'2018-09-28',NULL,NULL,NULL,0),(345,'Rachel Duncan','2018-09-04','2018-09-04','15381532650001507700532.jpg',0,'funkopop',14.95,NULL,'2018-09-28',NULL,NULL,NULL,0),(346,'Daryl','2018-09-04','2018-09-04','20181027_172406.jpg',0,'funkopop',7.71,NULL,'2018-10-27',NULL,NULL,NULL,0),(347,'Lucas','2018-09-04','2018-09-04','15406532577951724684353.jpg',0,'funkopop',7.71,NULL,'2018-10-27',NULL,NULL,NULL,0),(348,'Davos','2018-09-04','2018-09-04','Figurine-Funko-Pop-Game-of-Thrones-Davos-Seaworth-9-cm.jpg',0,'funkopop',7.71,NULL,'2018-09-04',NULL,NULL,NULL,0),(349,'Ezekiel','2018-09-04','2018-09-04','20181027_172350.jpg',0,'funkopop',7.50,NULL,'2018-10-27',NULL,NULL,NULL,0),(350,'Sasha','2018-09-04','2018-09-04','1538152170881-2041278553.jpg',0,'funkopop',7.48,NULL,'2018-09-28',NULL,NULL,NULL,0),(351,'Lara Croft','2018-09-04','2018-09-04','1538152687698460468594.jpg',0,'funkopop',7.74,NULL,'2018-09-28',NULL,NULL,NULL,0),(352,'Eleven','2018-09-04','2018-09-04','1538153388988532709851.jpg',0,'funkopop',7.67,NULL,'2018-09-28',NULL,NULL,NULL,0),(353,'Jesus','2018-09-04','2018-09-04','1538152088512153158150.jpg',0,'funkopop',7.62,NULL,'2018-09-28',NULL,NULL,NULL,0),(354,'Jonathan','2018-09-04','2018-09-04','15381533625131332733943.jpg',0,'funkopop',6.56,NULL,'2018-09-28',NULL,NULL,NULL,0),(355,'Joey Tribbiani','2018-09-06','2018-09-06','1538152816345-910958356.jpg',0,'funkopop',13.75,NULL,'2018-09-28',NULL,NULL,NULL,0),(356,'Rachel Green','2018-09-06','2018-09-06','1538152856247-1454008448.jpg',0,'funkopop',12.67,NULL,'2018-09-28',NULL,NULL,NULL,0),(357,'Elise','2018-09-06','2018-09-06','1538152646967-1094450375.jpg',0,'funkopop',15.59,NULL,'2018-09-28',NULL,NULL,NULL,0),(358,'Ryuk','2018-09-06','2018-09-06','15381523495931644741527.jpg',0,'funkopop',7.99,NULL,'2018-09-28',NULL,NULL,NULL,0),(359,'Sonic','2018-09-07','2018-09-07','1538152389088-1863744242.jpg',0,'funkopop',8.99,NULL,'2018-09-28',NULL,NULL,NULL,0),(360,'Glenn','2018-09-07','2018-09-07','1538152125642-1442059919.jpg',0,'funkopop',8.99,NULL,'2018-09-28',NULL,NULL,NULL,0),(361,'Nancy','2018-09-07','2018-09-07','1538153470209-1032696135.jpg',0,'funkopop',8.99,NULL,'2018-09-28',NULL,NULL,NULL,0),(362,'Elliot Alderson','2018-09-07','2018-09-07','1538152777694725328849.jpg',0,'funkopop',8.99,NULL,'2018-09-28',NULL,NULL,NULL,0),(363,'Night King','2018-09-07','2018-09-07','15381535522421147995629.jpg',0,'funkopop',8.99,NULL,'2018-09-28',NULL,NULL,NULL,0),(364,'Lara Croft','2018-09-07','2018-09-07','1538152713897640623557.jpg',0,'funkopop',11.69,NULL,'2018-09-28',NULL,NULL,NULL,0),(365,'T-Dog','2018-09-07','2018-09-07','1538152249082641549234.jpg',0,'funkopop',15.29,NULL,'2018-09-28',NULL,NULL,NULL,0),(366,'Steve','2018-09-07','2018-09-07','1538153708920949210679.jpg',0,'funkopop',12.14,NULL,'2018-09-28',NULL,NULL,NULL,0),(367,'Max','2018-09-07','2018-09-07','15381534992372042184867.jpg',0,'funkopop',7.76,NULL,'2018-09-28',NULL,NULL,NULL,0),(368,'Barb','2018-09-07','2018-09-07','1538153449054385912451.jpg',0,'funkopop',7.74,NULL,'2018-09-28',NULL,NULL,NULL,0),(369,'Eugene','2018-09-07','2018-09-07','15381523149101201865718.jpg',0,'funkopop',7.74,NULL,'2018-09-28',NULL,NULL,NULL,0),(370,'Brienne','2018-09-08','2018-09-08','1538152039131-96139761.jpg',0,'funkopop',7.96,NULL,'2018-09-28',NULL,NULL,NULL,0),(371,'Eleven','2018-09-16','2018-09-16','1538153417621-2133873540.jpg',0,'funkopop',6.79,NULL,'2018-09-28',NULL,NULL,NULL,0),(372,'Lexa','2018-09-16','2018-09-16','1538153200622-538138198.jpg',0,'funkopop',12.74,NULL,'2018-09-28',NULL,NULL,NULL,0),(373,'Steve','2018-09-16','2018-09-16','1538153663279-806330431.jpg',0,'funkopop',11.47,NULL,'2018-09-28',NULL,NULL,NULL,0),(374,'Deadpool Bath time','2018-09-16','2018-09-16','1538152504152-643812682.jpg',0,'funkopop',6.79,NULL,'2018-09-28',NULL,NULL,NULL,0),(375,'Deadpool Bed time','2018-09-16','2018-09-16','1538152560934843874517.jpg',0,'funkopop',7.64,NULL,'2018-09-28',NULL,NULL,NULL,0),(376,'Rhaegal','2018-09-17','2018-09-17','1538153604122-785757954.jpg',0,'funkopop',14.06,NULL,'2018-09-28',NULL,NULL,NULL,0),(377,'Dart','2018-09-17','2018-09-17','1538153520639489540333.jpg',0,'funkopop',6.87,NULL,'2018-09-28',NULL,NULL,NULL,0),(378,'Man in black','2018-08-17','2018-09-20','15381532373081518762519.jpg',0,'funkopop',9.99,NULL,'2018-09-28',NULL,NULL,NULL,0),(379,'Tattler Twins','2018-09-21','2018-09-21','20181027_173005.jpg',0,'funkopop',44.39,NULL,'2018-10-27',NULL,NULL,NULL,0),(380,'Viserion','2018-09-21','2018-09-21','20181205_140011.jpg',0,'funkopop',14.39,NULL,'2018-12-05',NULL,NULL,NULL,0),(381,'Casse-bonbon','2018-09-21','2018-09-21','15406533933852138640134.jpg',0,'funkopop',7.05,NULL,'2018-10-27',NULL,NULL,NULL,0),(382,'Darlene','2018-09-24','2018-09-24','1540653619015-1320879468.jpg',0,'funkopop',7.28,NULL,'2018-10-27',NULL,NULL,NULL,0),(383,'Young Ford','2018-09-24','2018-09-24','1540653110393653453492.jpg',0,'funkopop',7.28,NULL,'2018-10-27',NULL,NULL,NULL,0),(384,'Deadpool porte clé noir','2018-09-26','2018-09-26','20181205_135919.jpg',0,'funkopop',6.09,NULL,'2018-12-05',NULL,NULL,NULL,0),(385,'Eleven','2018-09-26','2018-09-26','20181027_172831.jpg',0,'funkopop',13.15,NULL,'2018-10-27',NULL,NULL,NULL,0),(386,'Eleven','2018-09-26','2018-09-26','20181027_172842.jpg',0,'funkopop',13.15,NULL,'2018-10-27',NULL,NULL,NULL,0),(387,'Teddy','2018-09-26','2018-09-26','1540653300070-553398212.jpg',0,'funkopop',7.78,NULL,'2018-10-27',NULL,NULL,NULL,0),(388,'Deadpool porte clé 1 épée','2018-09-26','2018-09-26','20181205_135904.jpg',0,'funkopop',4.70,NULL,'2018-12-05',NULL,NULL,NULL,0),(389,'Dolores (robotic)','2018-09-27','2018-09-28','20181027_172920.jpg',0,'funkopop',14.06,NULL,'2018-10-27',NULL,NULL,NULL,0),(390,'Musashi','2018-09-27','2018-09-28','20181027_172953.jpg',0,'funkopop',14.06,NULL,'2018-10-27',NULL,NULL,NULL,0),(391,'Young Ford','2018-09-27','2018-09-28','20181027_172931.jpg',0,'funkopop',14.06,NULL,'2018-10-27',NULL,NULL,NULL,0),(396,'Ned Stark','2018-10-01','2018-10-01','1540653564106-1059049149.jpg',0,'funkopop',7.77,NULL,'2018-10-27',NULL,NULL,NULL,0),(397,'Titi et Grosminet','2018-10-01','2018-10-01','20181027_172455.jpg',0,'funkopop',7.97,NULL,'2018-10-27',NULL,NULL,NULL,0),(398,'Angela Moss','2018-10-01','2018-10-01','1540653672049-824684263.jpg',0,'funkopop',7.95,NULL,'2018-10-27',NULL,NULL,NULL,0),(399,'Lucas','2018-10-07','2018-10-09','20181027_172942.jpg',0,'funkopop',7.46,NULL,'2018-10-27',NULL,NULL,NULL,0),(400,'Deadpool','2018-10-07','2018-10-09','20181027_172907.jpg',0,'funkopop',11.04,NULL,'2018-10-27',NULL,NULL,NULL,0),(401,'Jerry','2018-10-07','2018-10-09','15406535283931801599188.jpg',0,'funkopop',9.94,NULL,'2018-10-27',NULL,NULL,NULL,0),(402,'Tom','2018-10-07','2018-10-09','20181027_172434.jpg',0,'funkopop',9.94,NULL,'2018-10-27',NULL,NULL,NULL,0),(403,'Deadpool en scooter','2018-10-07','2018-10-09','20181027_172854.jpg',0,'funkopop',12.74,NULL,'2018-10-27',NULL,NULL,NULL,0),(404,'Taz','2018-10-07','2018-10-09','20181027_172420.jpg',0,'funkopop',8.49,NULL,'2018-10-27',NULL,NULL,NULL,0),(405,'Mr March','2018-10-10','2018-10-10','20181027_173016.jpg',0,'funkopop',26.23,NULL,'2018-10-27',NULL,NULL,NULL,0),(406,'Holden','2018-10-09','2018-10-10','1540653750502918661511.jpg',0,'funkopop',9.49,NULL,'2018-10-27',NULL,NULL,NULL,0),(407,'Pégase','2018-10-10','2018-10-11','20181205_140146.jpg',0,'funkopop',7.95,NULL,'2018-12-05',NULL,NULL,NULL,0),(408,'Mr Robot','2018-10-23','2018-10-23','15406537135821886649886.jpg',0,'funkopop',11.21,NULL,'2018-10-27',NULL,NULL,NULL,0),(409,'Chuckie','2018-10-23','2018-10-23','1540653481135-880777577.jpg',0,'funkopop',14.99,NULL,'2018-10-27',NULL,NULL,NULL,0),(410,'Deadpool vs Cable','2018-10-13','2018-10-24','20181027_172813.jpg',0,'funkopop',22.69,NULL,'2018-10-27',NULL,NULL,NULL,0),(411,'Bébé Hercule','2018-10-31','2018-10-31','20181205_140136.jpg',0,'funkopop',8.05,NULL,'2018-12-05',NULL,NULL,NULL,0),(412,'Deadpool Thumb up','2018-10-31','2018-10-31','20181205_140035.jpg',0,'funkopop',8.04,NULL,'2018-12-05',NULL,NULL,NULL,0),(413,'Deadpool Sirène','2018-11-04','2018-11-04','20181205_135958.jpg',0,'funkopop',14.47,NULL,'2018-12-05',NULL,NULL,NULL,0),(414,'Deadpool Samouraï','2018-11-04','2018-11-04','20181205_140104.jpg',0,'funkopop',14.47,NULL,'2018-12-05',NULL,NULL,NULL,0),(415,'Deadpool Pom pom girl','2018-11-04','2018-11-04','20181205_140116.jpg',0,'funkopop',14.47,NULL,'2018-12-05',NULL,NULL,NULL,0),(416,'Grey Worm','2018-11-04','2018-11-04','20181205_140209.jpg',0,'funkopop',14.46,NULL,'2018-12-05',NULL,NULL,NULL,0),(417,'Pandapool','2018-11-03','2018-11-04','20181205_135932.jpg',0,'funkopop',13.49,NULL,'2018-12-05',NULL,NULL,NULL,0),(418,'Carrie','2018-11-05','2018-11-05','20181205_140126.jpg',0,'funkopop',10.39,NULL,'2018-12-05',NULL,NULL,NULL,0),(419,'Deadpool Clown','2018-11-05','2018-11-05','20181205_140024.jpg',0,'funkopop',7.99,NULL,'2018-12-05',NULL,NULL,NULL,0),(420,'Deadpool Bedtime','2018-11-05','2018-11-05','20181205_140049.jpg',0,'funkopop',10.79,NULL,'2018-12-05',NULL,NULL,NULL,0),(421,'Deadpool porte clé 1 épée','2018-09-26','2018-11-12','20181205_135912.jpg',0,'funkopop',0.00,NULL,'2018-12-05',NULL,NULL,NULL,0),(422,'Pégase','2018-10-10','2018-11-12','20181205_140157.jpg',0,'funkopop',0.00,NULL,'2018-12-05',NULL,NULL,NULL,0),(423,'Cordelia Foxx','2018-11-12','2018-11-12','20181205_140233.jpg',0,'funkopop',13.14,NULL,'2018-12-05',NULL,NULL,NULL,0),(424,'Clarke Griffin','2018-11-23','2018-11-25','20181206_154428.jpg',0,'funkopop',24.18,NULL,'2018-12-06',NULL,NULL,NULL,0),(425,'Gustavo Fring','2018-11-23','2018-11-25','20181206_154440.jpg',0,'funkopop',17.11,NULL,'2018-12-06',NULL,NULL,NULL,0),(426,'Deadpool','2018-11-23','2018-11-25','20181206_154325.jpg',0,'funkopop',7.09,NULL,'2018-12-06',NULL,NULL,NULL,0),(427,'Wiil','2018-11-23','2018-11-25','20190224_132651.jpg',0,'funkopop',8.86,NULL,'2019-02-24',NULL,NULL,NULL,0),(428,'Oberyn','2018-11-26','2018-11-26','20181206_154355.jpg',0,'funkopop',26.63,NULL,'2018-12-06',NULL,NULL,NULL,0),(429,'Reptar','2018-11-26','2018-11-26','20181206_154502.jpg',0,'funkopop',8.88,NULL,'2018-12-06',NULL,NULL,NULL,0),(430,'Deadpool 2 épées','2018-11-26','2018-11-26','20181206_154313.jpg',0,'funkopop',8.88,NULL,'2018-12-06',NULL,NULL,NULL,0),(431,'Hypodermic Sally','2018-11-26','2018-11-26','20181206_154451.jpg',0,'funkopop',31.10,NULL,'2018-12-06',NULL,NULL,NULL,0),(432,'Dustin au bal','2018-11-26','2018-11-26','20190224_132859.jpg',0,'funkopop',14.38,NULL,'2019-02-24',NULL,NULL,NULL,0),(433,'Elliot masqué','2018-11-26','2018-11-26','20190224_132949.jpg',0,'funkopop',14.38,NULL,'2019-02-24',NULL,NULL,NULL,0),(434,'Dustin avec Dart','2018-11-26','2018-11-26','20190224_132932.jpg',0,'funkopop',14.38,NULL,'2019-02-24',NULL,NULL,NULL,0),(435,'Monica Geller','2018-11-26','2018-11-26','20190224_132834.jpg',0,'funkopop',14.38,NULL,'2019-02-24',NULL,NULL,NULL,0),(436,'Drogon','2018-11-26','2018-11-26','20190224_133222.jpg',0,'funkopop',26.61,NULL,'2019-02-24',NULL,NULL,NULL,0),(437,'Spyro','2018-12-05','2018-12-05','20181206_154521.jpg',0,'funkopop',0.00,NULL,'2018-12-06',NULL,NULL,NULL,0),(438,'Harry Potter','2018-12-01','2018-12-01','20190224_163214.jpg',0,'funkopop',2.30,NULL,'2019-02-24',NULL,NULL,NULL,0),(439,'Sombral','2018-12-02','2018-12-02','20190224_163113.jpg',0,'funkopop',2.30,NULL,'2019-02-24',NULL,NULL,NULL,0),(440,'Luna Lovegood','2018-12-03','2018-12-03','20190224_163256.jpg',0,'funkopop',2.30,NULL,'2019-02-24',NULL,NULL,NULL,0),(441,'Neville Londubat','2018-12-04','2018-12-04','20190224_163311.jpg',0,'funkopop',2.30,NULL,'2019-02-24',NULL,NULL,NULL,0),(442,'Edwige','2018-12-05','2018-12-05','20190224_163503.jpg',0,'funkopop',2.30,NULL,'2019-02-24',NULL,NULL,NULL,0),(443,'Fred Weasley','2018-12-06','2018-12-06','20190224_163322.jpg',0,'funkopop',2.30,NULL,'2019-02-24',NULL,NULL,NULL,0),(444,'Rubeus Hagrid','2018-12-07','2018-12-07','20190224_163128.jpg',0,'funkopop',2.30,NULL,'2019-02-24',NULL,NULL,NULL,0),(445,'Hermione Granger','2018-12-08','2018-12-08','20190317_113636.jpg',0,'funkopop',2.30,NULL,'2019-03-17',NULL,NULL,NULL,0),(446,'Ron Weasley','2018-12-09','2018-12-09','20190224_163139.jpg',0,'funkopop',2.30,NULL,'2019-02-24',NULL,NULL,NULL,0),(447,'Pongo & Perdita','2018-12-11','2018-12-11','20190224_132706.jpg',0,'funkopop',31.94,NULL,'2019-02-24',NULL,NULL,NULL,0),(448,'Tyreese','2018-12-11','2018-12-11','20190224_133001.jpg',0,'funkopop',14.27,NULL,'2019-02-24',NULL,NULL,NULL,0),(449,'Basilic','2018-12-11','2018-12-11','20190224_133234.jpg',0,'funkopop',22.71,NULL,'2019-02-24',NULL,NULL,NULL,0),(450,'Ron sur Cavalier','2018-12-11','2018-12-11','20190224_133301.jpg',0,'funkopop',32.96,NULL,'2019-02-24',NULL,NULL,NULL,0),(451,'Edwige','2018-12-11','2018-12-11','20190224_132920.jpg',0,'funkopop',17.89,NULL,'2019-02-24',NULL,NULL,NULL,0),(452,'Mimi Geignard','2018-12-10','2018-12-10','20190224_162831.jpg',0,'funkopop',2.30,NULL,'2019-02-24',NULL,NULL,NULL,0),(453,'Dobby','2018-12-11','2018-12-11','20190224_163150.jpg',0,'funkopop',2.30,NULL,'2019-02-24',NULL,NULL,NULL,0),(454,'George Weasley','2018-12-12','2018-12-12','20190224_163413.jpg',0,'funkopop',2.30,NULL,'2019-02-24',NULL,NULL,NULL,0),(455,'Dumbledore','2018-12-13','2018-12-13','20190224_163354.jpg',0,'funkopop',2.30,NULL,'2019-02-24',NULL,NULL,NULL,0),(456,'Harry','2018-12-14','2018-12-14','20190224_163428.jpg',0,'funkopop',2.30,NULL,'2019-02-24',NULL,NULL,NULL,0),(457,'Minerva McGonagall','2018-12-15','2018-12-15','20190224_163001.jpg',0,'funkopop',2.30,NULL,'2019-02-24',NULL,NULL,NULL,0),(458,'Deadpool Sucre d\'orge','2018-12-14','2018-12-14','20190224_132846.jpg',0,'funkopop',9.94,NULL,'2019-02-24',NULL,NULL,NULL,0),(459,'Ginny Weasley','2018-12-16','2018-12-16','20190224_162949.jpg',0,'funkopop',2.30,NULL,'2019-02-24',NULL,NULL,NULL,0),(460,'Remus Lupin','2018-12-17','2018-12-17','20190224_163017.jpg',0,'funkopop',2.30,NULL,'2019-02-24',NULL,NULL,NULL,0),(461,'Draco Malfoy','2018-12-18','2018-12-18','20190224_163102.jpg',0,'funkopop',2.30,NULL,'2019-02-24',NULL,NULL,NULL,0),(462,'Pattenrond','2018-12-19','2018-12-19','20190224_163201.jpg',0,'funkopop',2.30,NULL,'2019-02-24',NULL,NULL,NULL,0),(463,'Nick Quasi-Sans-Tête','2018-12-20','2018-12-20','20190224_162934.jpg',0,'funkopop',2.30,NULL,'2019-02-24',NULL,NULL,NULL,0),(464,'Severus Rogue','2018-12-21','2018-12-21','20190224_163244.jpg',0,'funkopop',2.30,NULL,'2019-02-24',NULL,NULL,NULL,0),(465,'Hermione Granger','2018-12-22','2018-12-22','20190224_163228.jpg',0,'funkopop',2.30,NULL,'2019-02-24',NULL,NULL,NULL,0),(466,'Ron Weasley','2018-12-23','2018-12-23','20190224_163050.jpg',0,'funkopop',2.30,NULL,'2019-02-24',NULL,NULL,NULL,0),(467,'Harry Potter','2018-12-24','2018-12-24','20190224_163335.jpg',0,'funkopop',2.30,NULL,'2019-02-24',NULL,NULL,NULL,0),(468,'Hermione en chat','2018-12-16','2018-12-27','20190224_132810.jpg',0,'funkopop',9.35,NULL,'2019-02-24',NULL,NULL,NULL,0),(469,'Loki','2018-12-26','2018-12-27','20190224_132744.jpg',0,'funkopop',0.00,NULL,'2019-02-24',NULL,NULL,NULL,0),(470,'Ron Weasley','2019-01-16','2019-01-31','20190224_132757.jpg',0,'funkopop',8.42,NULL,'2019-02-24',NULL,NULL,NULL,0),(471,'Sirius Black','2019-01-16','2019-01-31','20190224_132730.jpg',0,'funkopop',8.42,NULL,'2019-02-24',NULL,NULL,NULL,0),(472,'Yara Greyjoy','2019-01-31','2019-01-31','20190224_132559.jpg',0,'funkopop',5.12,NULL,'2019-02-24',NULL,NULL,NULL,0),(473,'Lord Varys','2019-01-31','2019-01-31','20190224_132630.jpg',0,'funkopop',5.12,NULL,'2019-02-24',NULL,NULL,NULL,0),(474,'Gendry','2019-01-31','2019-01-31','20190224_132620.jpg',0,'funkopop',5.12,NULL,'2019-02-24',NULL,NULL,NULL,0),(475,'Jon Snow','2019-02-07','2019-02-07','20190224_133117.jpg',0,'funkopop',8.83,NULL,'2019-02-24',NULL,NULL,NULL,0),(476,'Bronn','2019-02-07','2019-02-07','20190412_175544.jpg',0,'funkopop',12.12,NULL,'2019-04-26',NULL,NULL,NULL,0),(477,'Tom Riddle','2019-02-07','2019-02-07','20190224_133047.jpg',0,'funkopop',8.45,NULL,'2019-02-24',NULL,NULL,NULL,0),(478,'Harry Potter','2019-02-07','2019-02-07','20190224_133103.jpg',0,'funkopop',8.45,NULL,'2019-02-24',NULL,NULL,NULL,0),(479,'Bran Stark','2019-02-07','2019-02-07','20190224_133132.jpg',0,'funkopop',7.38,NULL,'2019-02-24',NULL,NULL,NULL,0),(480,'Bran Stark (chaise)','2019-02-07','2019-02-07','20190224_133158.jpg',0,'funkopop',8.65,NULL,'2019-02-24',NULL,NULL,NULL,0),(481,'Mr Bean (chase)','2018-12-30','2018-12-30','20190224_132822.jpg',0,'funkopop',25.73,NULL,'2019-02-24',NULL,NULL,NULL,0),(482,'Woody Woodpecker','2019-02-09','2019-02-09','20190412_175139.jpg',0,'funkopop',8.44,NULL,'2019-04-26',NULL,NULL,NULL,0),(483,'Arya Stak','2019-02-10','2019-02-10','20190224_133012.jpg',0,'funkopop',10.49,NULL,'2019-02-24',NULL,NULL,NULL,0),(484,'Tyrion Lannister','2019-02-10','2019-02-10','20190224_133032.jpg',0,'funkopop',10.27,NULL,'2019-02-24',NULL,NULL,NULL,0),(485,'Hermione','2019-02-10','2019-02-15','20190224_132641.jpg',0,'funkopop',11.96,NULL,'2019-02-24',NULL,NULL,NULL,0),(486,'Enfants de la forêt','2019-02-10','2019-02-10','20190224_133146.jpg',0,'funkopop',8.41,NULL,'2019-02-24',NULL,NULL,NULL,0),(487,'Beric Dondarrion','2019-02-24','2019-02-24',NULL,0,'funkopop',32.26,NULL,'2019-02-24',NULL,NULL,NULL,1),(489,'Beric Dondarrion','2019-03-10','2019-03-10','20190412_175532.jpg',0,'funkopop',35.48,NULL,'2019-04-12',NULL,NULL,NULL,0),(491,'Elliot masqué','2019-03-16','2019-03-16','20190412_175227.jpg',0,'funkopop',10.83,NULL,'2019-04-12',NULL,NULL,NULL,0),(492,'Elise','2019-03-16','2019-03-16','20190412_175241.jpg',1,'funkopop',9.03,25.00,'2019-04-12',NULL,NULL,NULL,0),(493,'T-Dog','2019-03-16','2019-03-16','20190412_175310.jpg',0,'funkopop',10.83,NULL,'2019-04-12',NULL,NULL,NULL,0),(494,'Jacob Frye','2019-03-17','2019-03-17','20190412_175118.jpg',0,'funkopop',10.97,NULL,'2019-04-12',NULL,NULL,NULL,0),(495,'Arya Stark','2019-03-18','2019-03-18','20190412_175517.jpg',0,'funkopop',30.96,NULL,'2019-04-12',NULL,NULL,NULL,0),(496,'Mufasa','2019-03-19','2019-03-19','20190412_175157.jpg',0,'funkopop',8.75,NULL,'2019-04-12',NULL,NULL,NULL,0),(497,'Atreus','2019-03-19','2019-03-19','20190412_175424.jpg',0,'funkopop',8.79,NULL,'2019-04-12',NULL,NULL,NULL,0),(498,'Aloy','2019-03-19','2019-03-19','20190412_175340.jpg',0,'funkopop',8.38,NULL,'2019-04-12',NULL,NULL,NULL,0),(500,'Kratos','2019-03-20','2019-03-20','20190412_175413.jpg',0,'funkopop',8.44,NULL,'2019-04-12',NULL,NULL,NULL,0),(501,'Zazu','2019-03-21','2019-03-21','20190412_175100.jpg',0,'funkopop',8.03,NULL,'2019-04-12',NULL,NULL,NULL,0),(502,'Nala','2019-03-23','2019-03-23','20190412_175213.jpg',0,'funkopop',7.98,NULL,'2019-04-12',NULL,NULL,NULL,0),(503,'Pennywise in Gutter','2019-03-27','2019-03-27','20190412_175944.jpg',0,'funkopop',35.95,NULL,'2019-04-12',NULL,NULL,NULL,0),(504,'Viserion porte-clé','2019-03-27','2019-03-27','20190412_175047.jpg',0,'funkopop',6.00,NULL,'2019-04-12',NULL,NULL,NULL,0),(505,'Night King (metallic)','2019-03-27','2019-03-27','IMG_20190821_195751.jpg',0,'funkopop',12.89,NULL,'2019-08-21',NULL,NULL,NULL,0),(506,'Night King (metallic)','2019-03-27','2019-03-29','IMG_20190821_195721.jpg',0,'funkopop',12.89,NULL,'2019-08-21',NULL,NULL,NULL,0),(507,'L with cake','2019-03-27','2019-03-27','20190516_185635.jpg',0,'funkopop',12.89,NULL,'2019-05-16',NULL,NULL,NULL,0),(508,'L with cake','2019-03-27','2019-03-27','20190516_185704.jpg',0,'funkopop',12.89,NULL,'2019-05-16',NULL,NULL,NULL,0),(509,'Rhaegal porte-clé','2019-03-27','2019-03-27','20190426_180118.jpg',0,'funkopop',6.00,NULL,'2019-04-26',NULL,NULL,NULL,0),(510,'Ryuk','2019-03-27','2019-03-27','20190426_180305.jpg',0,'funkopop',8.25,NULL,'2019-04-26',NULL,NULL,NULL,0),(511,'Pongo & Perdita porte-clé','2019-03-27','2019-03-27','20190426_180222.jpg',0,'funkopop',7.91,NULL,'2019-04-26',NULL,NULL,NULL,0),(512,'Dormeur','2019-03-28','2019-03-28','20190426_180037.jpg',0,'funkopop',8.25,NULL,'2019-04-26',NULL,NULL,NULL,0),(513,'Grincheux','2019-03-28','2019-03-28','20190426_180050.jpg',0,'funkopop',8.25,NULL,'2019-04-26',NULL,NULL,NULL,0),(514,'Prof','2019-03-28','2019-03-28','20190426_175957.jpg',0,'funkopop',8.25,NULL,'2019-04-26',NULL,NULL,NULL,0),(515,'Atchoum','2019-03-28','2019-03-28','20190426_180010.jpg',0,'funkopop',7.90,NULL,'2019-04-26',NULL,NULL,NULL,0),(516,'Drogon porte-clé','2019-03-29','2019-03-29','20190412_175027.jpg',0,'funkopop',7.95,NULL,'2019-04-12',NULL,NULL,NULL,0),(517,'Timide','2019-03-29','2019-03-29','20190412_175324.jpg',0,'funkopop',8.26,NULL,'2019-04-12',NULL,NULL,NULL,0),(518,'Simplet','2019-04-04','2019-04-04','20190426_180025.jpg',0,'funkopop',8.51,NULL,'2019-04-26',NULL,NULL,NULL,0),(519,'Daenerys Mhysa','2019-04-04','2019-04-01','20190426_180237.jpg',0,'funkopop',8.26,NULL,'2019-04-26',NULL,NULL,NULL,0),(520,'Daenerys','2019-04-04','2019-04-04','20190426_180138.jpg',0,'funkopop',8.90,NULL,'2019-04-26',NULL,NULL,NULL,0),(521,'Arya Stark','2019-04-08','2019-04-08','20190426_180454.jpg',0,'funkopop',26.77,NULL,'2019-04-26',NULL,NULL,NULL,0),(522,'Pumba','2019-04-12','2019-04-12','20190426_180317.jpg',0,'funkopop',8.26,NULL,'2019-04-26',NULL,NULL,NULL,0),(523,'Simba','2019-04-12','2019-04-12','20190426_180204.jpg',0,'funkopop',7.80,NULL,'2019-04-26',NULL,NULL,NULL,0),(524,'Viserion de glace porte-clé','2019-04-12','2019-04-12','20190508_124005.jpg',0,'funkopop',8.29,NULL,'2019-05-08',NULL,NULL,NULL,0),(525,'Viserion de glace porte-clé','2019-04-12','2019-04-12','20190508_123955.jpg',0,'funkopop',8.29,NULL,'2019-05-08',NULL,NULL,NULL,0),(526,'L','2019-04-14','2019-04-14','20190508_123940.jpg',0,'funkopop',9.00,NULL,'2019-05-08',NULL,NULL,NULL,0),(527,'Arya Stark','2019-04-15','2019-04-15','20190426_180358.jpg',0,'funkopop',19.99,NULL,'2019-04-26',NULL,NULL,NULL,0),(528,'Arya Stark','2019-04-15','2019-04-15','20190426_180412.jpg',0,'funkopop',19.99,NULL,'2019-04-26',NULL,NULL,NULL,0),(529,'Arya Stark','2019-04-15','2019-04-15','20190426_180427.jpg',0,'funkopop',19.99,NULL,'2019-04-26',NULL,NULL,NULL,0),(530,'Arya Stark','2019-04-15','2019-04-15','20190426_180440.jpg',0,'funkopop',19.99,NULL,'2019-04-26',NULL,NULL,NULL,0),(531,'Arya Stark','2019-04-15','2019-04-15','20190426_180508.jpg',0,'funkopop',19.99,NULL,'2019-04-26',NULL,NULL,NULL,0),(532,'Rafiki','2019-04-18','2019-04-18','1558025471020-492926389.jpg',0,'funkopop',16.90,NULL,'2019-05-16',NULL,NULL,NULL,0),(533,'Simba','2019-04-18','2019-04-18','15580254105431509733101.jpg',0,'funkopop',16.90,NULL,'2019-05-16',NULL,NULL,NULL,0),(534,'Ezio','2019-04-18','2019-04-18','1558025348049-372525710.jpg',0,'funkopop',13.88,NULL,'2019-05-16',NULL,NULL,NULL,0),(535,'Melisandre','2019-05-04','2019-05-04','1558025302257-819646693.jpg',0,'funkopop',12.64,NULL,'2019-05-16',NULL,NULL,NULL,0),(536,'Tyrion Lannister (armure)','2019-05-04','2019-05-04','IMG_20190916_185343.jpg',0,'funkopop',7.88,NULL,'2019-09-16',NULL,NULL,NULL,0),(537,'Timon','2019-05-04','2019-05-04','15580252653682089473589.jpg',0,'funkopop',11.14,NULL,'2019-05-16',NULL,NULL,NULL,0),(538,'Rafiki','2019-05-08','2019-05-08','1559151894690-24637685.jpg',0,'funkopop',10.74,NULL,'2019-05-29',NULL,NULL,NULL,0),(539,'Rafiki','2019-05-08','2019-05-08','1559151853697-921419979.jpg',0,'funkopop',10.74,30.00,'2019-05-29',NULL,NULL,NULL,0),(540,'Nathan Drake (Naughty Dog Shirt)','2019-05-08','2019-05-08','15591519423691350709999.jpg',0,'funkopop',9.09,NULL,'2019-05-29',NULL,NULL,NULL,0),(541,'Hank Schrader','2019-05-08','2019-05-09','20190516_185654.jpg',0,'funkopop',16.92,NULL,'2019-05-16',NULL,NULL,NULL,0),(542,'Jesse Pinkman','2019-05-08','2019-05-08','20190516_185645.jpg',0,'funkopop',31.18,NULL,'2019-05-16',NULL,NULL,NULL,0),(543,'Daenerys sur Drogon','2019-05-10','2019-05-10','20190523_183014.jpg',0,'funkopop',22.95,NULL,'2019-05-23',NULL,NULL,NULL,0),(544,'Jon Snow','2019-05-11','2019-05-11','20190516_200831.jpg',0,'funkopop',12.51,NULL,'2019-05-16',NULL,NULL,NULL,0),(545,'Rosita','2019-05-12','2019-05-12','IMG_20190916_185352.jpg',0,'funkopop',7.90,NULL,'2019-09-16',NULL,NULL,NULL,0),(546,'Tyrion Lannister','2019-05-13','2019-05-13','IMG_20190916_185334.jpg',0,'funkopop',7.90,NULL,'2019-09-16',NULL,NULL,NULL,0),(547,'Night King sur Viserion','2019-05-13','2019-05-13','20190523_183033.jpg',0,'funkopop',23.69,NULL,'2019-05-23',NULL,NULL,NULL,0),(548,'Jon Snow Castle Black','2019-05-14','2019-05-14','20190529_194040.jpg',0,'funkopop',10.59,NULL,'2019-05-29',NULL,NULL,NULL,0),(549,'Joyeux','2019-05-14','2019-05-14','20190523_182919.jpg',0,'funkopop',12.09,NULL,'2019-05-23',NULL,NULL,NULL,0),(550,'Rachel Duncan','2019-05-14','2019-05-14','20190523_182903.jpg',0,'funkopop',12.09,NULL,'2019-05-23',NULL,NULL,NULL,0),(551,'Rachel Duncan','2019-05-14','2019-05-14','20190523_182931.jpg',0,'funkopop',12.09,NULL,'2019-05-23',NULL,NULL,NULL,0),(552,'Daenerys White Coat','2019-05-14','2019-05-14','20190523_182943.jpg',0,'funkopop',12.09,NULL,'2019-05-23',NULL,NULL,NULL,0),(553,'Jon Snow King in the North','2019-05-14','2019-05-14','20190523_182849.jpg',0,'funkopop',12.09,NULL,'2019-05-23',NULL,NULL,NULL,0),(554,'Blanche Neige','2019-05-24','2019-05-24','IMG_20190916_185404.jpg',0,'funkopop',11.59,NULL,'2019-09-16',NULL,NULL,NULL,0),(555,'Daenerys on Iron Throne','2019-07-10','2019-07-10','IMG_20190821_200016.jpg',0,'funkopop',18.54,NULL,'2019-08-21',NULL,NULL,NULL,0),(556,'Night King on Iron Throne','2019-07-10','2019-07-10','IMG_20190821_200042.jpg',0,'funkopop',18.54,NULL,'2019-08-21',NULL,NULL,NULL,0),(557,'Elise','2019-08-06','2019-08-06','IMG_20190821_195806.jpg',0,'funkopop',6.93,NULL,'2019-08-21',NULL,NULL,NULL,0),(558,'Elise','2019-08-06','2019-08-06','IMG_20190821_195818.jpg',0,'funkopop',6.93,NULL,'2019-08-21',NULL,NULL,NULL,0),(559,'Rumplestiltskin (doré)','2019-08-06','2019-08-06','IMG_20190821_195903.jpg',0,'funkopop',6.93,NULL,'2019-08-21',NULL,NULL,NULL,0),(560,'Rumplestiltskin (doré)','2019-08-06','2019-08-06','IMG_20190821_195915.jpg',0,'funkopop',6.93,NULL,'2019-08-21',NULL,NULL,NULL,0),(561,'Aubrey','2019-08-06','2019-08-06','IMG_20190821_195846.jpg',0,'funkopop',6.93,NULL,'2019-08-21',NULL,NULL,NULL,0),(562,'Nathan Drake','2019-08-06','2019-08-06','IMG_20190821_195832.jpg',0,'funkopop',6.93,NULL,'2019-08-21',NULL,NULL,NULL,0),(563,'Jon on Iron Throne','2019-08-15','2019-08-15','IMG_20190821_195934.jpg',0,'funkopop',19.99,NULL,'2019-08-21',NULL,NULL,NULL,0),(566,'Nymeria','2019-08-28','2019-08-28','IMG_20190916_185318.jpg',0,'funkopop',32.73,NULL,'2019-09-16',NULL,NULL,NULL,0),(567,'Professor McGonagall as cat','2019-09-07','2019-09-07',NULL,0,'funkopop',14.28,NULL,'2019-09-07',NULL,NULL,NULL,0),(568,'Platform 9 3/4','2019-09-07','2019-09-07',NULL,0,'funkopop',31.78,NULL,'2019-09-07',NULL,NULL,NULL,0),(569,'Hagrid','2019-09-07','2019-09-07',NULL,0,'funkopop',16.65,NULL,'2019-09-07',NULL,NULL,NULL,0),(570,'Salamèche','2019-09-10','2019-09-10',NULL,0,'funkopop',8.26,NULL,'2019-09-10',NULL,NULL,NULL,0),(571,'Cersei on Iron Throne','2019-09-05','2019-09-05',NULL,0,'funkopop',20.33,NULL,'2019-09-05',NULL,NULL,NULL,0),(572,'Missandei','2019-10-04','2019-10-04',NULL,0,'funkopop',34.83,NULL,'2019-10-04',NULL,NULL,NULL,0),(573,'Missandei','2019-10-04','2019-10-04',NULL,0,'funkopop',18.25,NULL,'2019-10-04',NULL,NULL,NULL,1),(574,'Rusard','2019-10-04','2019-10-04',NULL,0,'funkopop',18.26,NULL,'2019-10-04',NULL,NULL,NULL,1),(575,'Missandei','2019-10-04','2019-10-04',NULL,0,'funkopop',18.33,NULL,'2019-10-04',NULL,NULL,NULL,1),(576,'Suzie','2019-10-04','2019-10-04',NULL,0,'funkopop',18.34,NULL,'2019-10-04',NULL,NULL,NULL,1),(577,'Tyrion sur Iron Throne','2019-10-04','2019-10-04',NULL,0,'funkopop',20.27,NULL,'2019-10-04',NULL,NULL,NULL,0),(578,'Mike','2019-10-09','2019-10-09',NULL,0,'funkopop',6.99,NULL,'2019-10-09',NULL,NULL,NULL,1);
/*!40000 ALTER TABLE `product` ENABLE KEYS */;
UNLOCK TABLES;

--
-- Table structure for table `productstags`
--

DROP TABLE IF EXISTS `productstags`;
/*!40101 SET @saved_cs_client     = @@character_set_client */;
/*!40101 SET character_set_client = utf8 */;
CREATE TABLE `productstags` (
  `productId` int(11) NOT NULL,
  `tagId` int(11) NOT NULL,
  PRIMARY KEY (`productId`,`tagId`),
  KEY `IDX_E665748236799605` (`productId`),
  KEY `IDX_E66574826F16ADDC` (`tagId`),
  CONSTRAINT `FK_E665748236799605` FOREIGN KEY (`productId`) REFERENCES `product` (`id`),
  CONSTRAINT `FK_E66574826F16ADDC` FOREIGN KEY (`tagId`) REFERENCES `tag` (`id`)
) ENGINE=InnoDB DEFAULT CHARSET=utf8 COLLATE=utf8_unicode_ci;
/*!40101 SET character_set_client = @saved_cs_client */;

--
-- Dumping data for table `productstags`
--

LOCK TABLES `productstags` WRITE;
/*!40000 ALTER TABLE `productstags` DISABLE KEYS */;
INSERT INTO `productstags` VALUES (1,3),(1,13),(1,17),(2,12),(2,17),(3,12),(3,17),(4,12),(4,17),(5,12),(5,17),(6,12),(6,17),(7,12),(7,17),(8,12),(8,17),(9,12),(9,17),(10,6),(10,13),(11,3),(11,13),(11,17),(12,3),(12,13),(12,17),(13,3),(13,13),(13,18),(14,3),(14,13),(14,25),(15,3),(15,13),(15,25),(16,3),(16,13),(16,25),(17,3),(17,13),(17,25),(18,3),(18,13),(18,25),(19,3),(19,13),(19,25),(20,12),(21,12),(24,1),(24,11),(24,13),(24,20),(25,1),(25,11),(25,13),(25,17),(26,1),(26,11),(26,13),(26,17),(27,1),(27,11),(27,13),(27,17),(28,1),(28,11),(28,13),(28,17),(29,1),(29,11),(29,13),(29,17),(30,1),(30,11),(30,13),(30,17),(31,1),(31,11),(31,13),(31,17),(32,1),(32,11),(32,13),(32,17),(33,1),(33,11),(33,13),(34,1),(34,11),(34,13),(35,1),(35,11),(35,13),(35,29),(36,1),(36,11),(36,13),(37,1),(37,11),(37,13),(38,1),(38,11),(38,13),(38,29),(39,1),(39,11),(39,13),(39,29),(40,1),(40,11),(40,13),(41,1),(41,11),(41,13),(42,1),(42,11),(42,13),(43,9),(43,12),(43,13),(44,8),(44,9),(44,12),(44,13),(45,6),(45,13),(46,6),(46,13),(47,3),(47,13),(47,21),(48,3),(48,8),(48,13),(49,3),(49,13),(49,21),(50,3),(50,13),(50,21),(51,3),(51,13),(51,21),(52,1),(52,3),(52,7),(52,8),(52,13),(53,3),(53,13),(53,17),(54,3),(54,13),(55,3),(55,13),(56,3),(56,13),(56,18),(56,24),(57,3),(57,13),(57,22),(58,3),(58,13),(58,22),(59,3),(59,13),(60,3),(60,13),(60,17),(61,3),(61,13),(61,17),(62,3),(62,13),(62,17),(63,3),(63,13),(63,17),(64,3),(64,13),(64,20),(65,1),(65,11),(65,13),(65,19),(66,1),(66,11),(66,13),(66,19),(67,3),(67,13),(67,17),(68,3),(68,13),(68,17),(69,3),(69,13),(69,18),(70,3),(70,13),(70,18),(70,24),(71,3),(71,13),(71,18),(71,24),(72,3),(72,13),(72,17),(73,3),(73,13),(73,17),(74,3),(74,13),(75,3),(75,13),(75,18),(76,3),(76,13),(76,18),(77,3),(77,13),(77,24),(78,3),(78,13),(78,24),(79,3),(79,13),(79,24),(80,3),(80,13),(80,24),(81,3),(81,13),(81,24),(82,3),(82,13),(82,22),(83,12),(84,12),(85,12),(85,27),(85,28),(86,12),(87,12),(87,17),(88,12),(88,17),(90,12),(91,12),(91,17),(92,12),(92,17),(93,12),(93,17),(94,12),(94,17),(95,12),(95,17),(96,12),(96,17),(97,12),(97,17),(98,12),(98,17),(99,12),(99,17),(100,12),(100,17),(101,12),(101,17),(102,3),(102,13),(102,16),(102,29),(103,3),(103,13),(103,20),(103,29),(104,3),(104,13),(104,16),(104,29),(105,13),(106,13),(107,13),(108,36),(108,77),(109,36),(109,77),(110,35),(111,32),(112,34),(112,77),(113,31),(114,36),(114,77),(115,36),(115,77),(116,78),(117,36),(117,77),(118,36),(118,77),(119,36),(119,77),(120,31),(120,37),(120,84),(121,32),(122,3),(122,13),(122,16),(123,3),(123,13),(124,76),(125,3),(125,13),(126,76),(127,12),(127,17),(128,12),(128,28),(129,12),(129,17),(130,34),(130,77),(131,34),(131,77),(132,34),(132,77),(133,3),(133,13),(134,34),(135,35),(135,37),(136,34),(137,32),(138,32),(139,31),(140,32),(141,35),(142,35),(143,80),(144,31),(145,31),(145,74),(145,84),(146,32),(146,77),(147,3),(147,13),(147,17),(148,3),(148,13),(148,17),(149,38),(149,39),(149,57),(150,38),(150,39),(150,57),(151,38),(151,56),(151,57),(152,38),(152,40),(152,57),(153,38),(153,40),(153,57),(155,38),(155,42),(155,57),(156,38),(156,42),(156,57),(157,52),(157,57),(157,62),(158,47),(158,57),(158,62),(159,57),(160,38),(160,40),(160,57),(161,38),(161,40),(161,57),(162,57),(163,38),(163,55),(163,57),(164,38),(164,56),(164,57),(165,38),(165,53),(165,57),(166,38),(166,52),(166,57),(167,38),(167,55),(167,57),(168,38),(168,56),(168,57),(169,38),(169,53),(169,57),(170,38),(170,54),(170,57),(171,38),(171,56),(171,57),(172,38),(172,55),(172,57),(173,38),(173,53),(173,58),(174,38),(174,51),(174,58),(175,55),(175,59),(175,61),(176,58),(177,38),(177,52),(177,58),(178,38),(178,45),(178,58),(179,38),(179,47),(179,58),(180,55),(180,59),(180,61),(181,45),(181,58),(181,62),(182,38),(182,55),(182,58),(183,38),(183,55),(183,58),(184,38),(184,56),(184,58),(185,58),(185,60),(186,38),(186,43),(186,58),(187,38),(187,55),(187,58),(188,58),(189,59),(190,58),(191,38),(191,54),(191,60),(192,38),(192,55),(192,58),(193,38),(193,55),(193,59),(194,38),(194,53),(194,58),(195,38),(195,55),(195,58),(196,38),(196,45),(197,38),(197,45),(198,38),(198,46),(199,38),(199,53),(200,38),(200,56),(201,38),(201,55),(201,60),(202,38),(202,51),(204,38),(204,54),(204,58),(205,60),(206,59),(207,38),(207,56),(207,59),(208,38),(208,56),(209,38),(209,42),(210,38),(210,43),(210,59),(212,59),(213,38),(213,54),(213,59),(214,59),(214,60),(216,38),(216,56),(217,38),(217,50),(218,38),(218,49),(219,38),(219,49),(220,38),(220,55),(221,38),(221,55),(222,38),(222,40),(223,38),(223,40),(224,38),(224,40),(225,38),(225,40),(228,38),(228,54),(229,38),(230,38),(230,53),(230,64),(231,38),(231,54),(231,64),(232,38),(232,53),(232,64),(233,38),(233,53),(233,64),(234,38),(234,53),(234,64),(235,54),(235,64),(236,38),(236,54),(236,64),(237,38),(237,55),(237,65),(238,38),(238,53),(238,65),(239,38),(239,53),(239,65),(240,38),(240,53),(240,65),(241,38),(241,53),(241,65),(242,38),(242,53),(242,65),(243,38),(243,54),(243,65),(244,38),(244,54),(244,65),(245,38),(245,54),(245,65),(246,38),(246,55),(246,65),(247,38),(247,55),(247,65),(248,38),(248,55),(248,65),(249,31),(249,37),(250,73),(250,84),(251,31),(251,77),(252,35),(252,72),(253,71),(253,77),(254,71),(255,31),(257,35),(258,33),(259,3),(260,3),(260,15),(261,3),(261,15),(262,3),(262,15),(263,3),(263,15),(264,3),(264,15),(265,3),(265,17),(266,3),(266,17),(267,3),(267,15),(268,3),(268,18),(269,3),(269,18),(270,3),(270,18),(271,3),(271,18),(272,3),(273,3),(273,15),(274,3),(275,3),(275,16),(275,76),(276,3),(276,16),(277,3),(277,22),(278,3),(278,29),(279,3),(279,18),(280,3),(280,18),(281,3),(281,18),(282,3),(282,23),(283,3),(283,17),(284,3),(285,3),(286,3),(287,3),(287,18),(288,3),(289,3),(290,3),(290,23),(291,3),(291,23),(292,3),(293,3),(294,3),(295,3),(295,19),(296,3),(296,19),(297,35),(297,72),(298,81),(298,84),(299,30),(299,75),(299,84),(300,30),(300,75),(300,84),(301,31),(302,32),(303,71),(304,78),(305,31),(306,79),(307,80),(308,78),(309,79),(310,71),(311,31),(311,77),(312,31),(312,77),(313,31),(313,77),(314,35),(314,84),(315,33),(316,35),(316,84),(317,84),(317,87),(318,30),(319,33),(320,33),(321,77),(321,82),(322,77),(322,82),(323,77),(323,82),(324,77),(324,82),(326,77),(326,81),(327,77),(327,81),(328,77),(328,81),(329,77),(329,81),(330,78),(331,35),(332,32),(332,77),(333,86),(335,33),(336,35),(337,35),(338,73),(339,79),(340,71),(341,85),(342,85),(343,85),(344,85),(345,34),(346,80),(347,78),(348,35),(349,80),(350,80),(351,30),(352,78),(353,80),(354,78),(355,85),(356,85),(357,36),(357,77),(358,73),(359,30),(360,80),(361,78),(362,33),(363,35),(364,30),(365,80),(365,84),(366,78),(366,84),(367,78),(368,78),(369,80),(370,35),(371,78),(372,33),(373,78),(373,84),(374,87),(375,84),(375,87),(376,35),(377,78),(378,71),(379,33),(379,77),(380,35),(381,86),(382,33),(383,71),(384,87),(385,78),(386,78),(387,71),(388,87),(389,71),(389,84),(390,71),(390,84),(391,71),(391,84),(396,35),(397,86),(398,33),(399,78),(400,87),(401,86),(402,86),(403,87),(404,86),(405,33),(405,77),(406,33),(407,31),(408,33),(409,86),(410,32),(410,37),(411,31),(412,87),(413,84),(413,87),(414,84),(414,87),(415,84),(415,87),(416,35),(416,77),(417,84),(417,87),(418,32),(419,87),(420,87),(421,87),(422,31),(423,33),(423,77),(424,33),(424,77),(425,77),(425,82),(426,87),(427,78),(428,35),(428,77),(429,86),(430,87),(431,33),(431,77),(432,78),(432,84),(433,33),(433,84),(434,78),(434,84),(435,84),(435,85),(436,35),(436,84),(437,30),(438,88),(439,88),(440,88),(441,88),(442,88),(443,88),(444,88),(445,88),(446,88),(447,31),(447,37),(447,84),(448,80),(448,84),(449,32),(449,84),(450,32),(451,32),(451,74),(451,84),(452,88),(453,88),(454,88),(455,88),(456,88),(457,88),(458,87),(459,88),(460,88),(461,88),(462,88),(463,88),(464,88),(465,88),(466,88),(467,88),(468,32),(469,87),(470,32),(471,32),(472,35),(473,35),(474,35),(475,35),(476,35),(476,77),(477,32),(478,32),(479,35),(480,35),(481,33),(482,86),(483,35),(484,35),(485,32),(486,35),(487,35),(487,84),(489,35),(489,84),(491,33),(491,84),(492,36),(492,77),(493,80),(493,84),(494,36),(494,77),(495,35),(495,84),(496,31),(497,30),(498,30),(500,30),(501,31),(502,31),(503,32),(503,84),(504,35),(505,35),(505,84),(506,35),(506,84),(507,73),(507,84),(508,73),(508,84),(509,35),(510,73),(511,31),(512,89),(513,89),(514,89),(515,89),(516,35),(517,89),(518,89),(519,35),(520,35),(521,35),(521,84),(522,31),(523,31),(524,35),(524,84),(525,35),(525,84),(526,73),(527,35),(527,84),(528,35),(528,84),(529,35),(529,84),(530,35),(530,84),(531,35),(531,84),(532,31),(532,74),(532,84),(533,31),(533,74),(533,84),(534,36),(535,35),(536,35),(537,31),(538,31),(538,84),(539,31),(539,84),(540,30),(540,84),(541,77),(541,82),(542,77),(542,82),(543,35),(543,72),(544,35),(545,80),(546,35),(547,35),(547,72),(547,75),(548,35),(549,89),(550,34),(551,34),(552,35),(553,35),(554,89),(555,35),(556,35),(557,36),(558,36),(559,33),(560,33),(561,32),(562,30),(563,35),(566,35),(566,84),(567,32),(568,32),(569,32),(570,86),(571,35),(572,35),(572,84),(573,35),(573,84),(574,32),(574,84),(575,35),(575,84),(576,78),(576,84),(577,35),(578,35);
/*!40000 ALTER TABLE `productstags` ENABLE KEYS */;
UNLOCK TABLES;

--
-- Table structure for table `tag`
--

DROP TABLE IF EXISTS `tag`;
/*!40101 SET @saved_cs_client     = @@character_set_client */;
/*!40101 SET character_set_client = utf8 */;
CREATE TABLE `tag` (
  `id` int(11) NOT NULL AUTO_INCREMENT,
  `label` varchar(100) COLLATE utf8_unicode_ci NOT NULL,
  `sanitizeName` varchar(100) COLLATE utf8_unicode_ci NOT NULL,
  PRIMARY KEY (`id`)
) ENGINE=InnoDB AUTO_INCREMENT=90 DEFAULT CHARSET=utf8 COLLATE=utf8_unicode_ci;
/*!40101 SET character_set_client = @saved_cs_client */;

--
-- Dumping data for table `tag`
--

LOCK TABLES `tag` WRITE;
/*!40000 ALTER TABLE `tag` DISABLE KEYS */;
INSERT INTO `tag` VALUES (1,'7.5cm','7-5cm'),(2,'12cm','12cm'),(3,'20cm','20cm'),(4,'26cm','26cm'),(5,'40cm','40cm'),(6,'80cm','80cm'),(7,'Bebichhichi','bebichhichi'),(8,'Coffret','box'),(9,'Tirelire','moneybox'),(10,'Fève','charm'),(11,'Porte-clés','keychain'),(12,'Plastique','plastic'),(13,'Peluche','plush'),(14,'Grand-Parent','grand-parent'),(15,'Coloré','colorfuls'),(16,'Habits ajoutés','added-clothes'),(17,'Faune & flore','fauna-and-flora'),(18,'Corps dur','hard-body'),(19,'Monde','world'),(20,'Noël','christmas'),(21,'Pâtissier','pastry-chef'),(22,'Sportif','athletic'),(23,'Texto','text'),(24,'Employé','worker'),(25,'Rody','rody'),(27,'Deluxe','deluxe'),(28,'Monument','monument'),(29,'Les Premiers','the-first-ones'),(30,'Jeux vidéo','video-games'),(31,'Disney','disney'),(32,'Films','movies'),(33,'Télévision','television'),(34,'Orphan Black','orphan-black'),(35,'Game of Thrones','game-of-thrones'),(36,'Assassin\'s Creed','assassins-s-creed'),(37,'2-Pack','2-pack'),(38,'Monnaie de Paris','monnaie-de-paris'),(39,'2000','2000'),(40,'2001','2001'),(41,'2002','2002'),(42,'2003','2003'),(43,'2004','2004'),(44,'2005','2005'),(45,'2006','2006'),(46,'2007','2007'),(47,'2008','2008'),(48,'2009','2009'),(49,'2010','2010'),(50,'2011','2011'),(51,'2012','2012'),(52,'2013','2013'),(53,'2014','2014'),(54,'2015','2015'),(55,'2016','2016'),(56,'2017','2017'),(57,'Zoo','zoo'),(58,'Monument','monument'),(59,'Ville','city'),(60,'Personne','person'),(61,'Fonderie Saint Luc','fonderie-saint-luc'),(62,'Arthus-Bertrand','arthus-bertrand'),(63,'Visité','visited'),(64,'Les 7 Merveilles du Monde','the-seven-wonders-of-the-world'),(65,'Les signes du Zodiaque','the-twelve-zodiac-signs'),(66,'Édifice Religieux','religious-building'),(67,'Chateau','castle'),(68,'Souvenirs et Patrimoine','souvenirs-et-patrimoine'),(69,'Les chemins de St Jacques de Compostelle','the-paths-of-st-jacques-de-compostela'),(70,'Musées nationaux','nationals-museums'),(71,'Westworld','westworld'),(72,'Ride','ride'),(73,'Death note','death-note'),(74,'Flocked','flocked'),(75,'Glow in the dark','glow-in-the-dark'),(76,'Accessoire','accessory'),(77,'Vaulted','vaulted'),(78,'Stranger things','stranger-things'),(79,'Maman j\'ai raté l\'avion','home-alone'),(80,'The walking dead','the-walking-dead'),(81,'Orange is the new black','oitnb'),(82,'Breaking bag','breaking-bad'),(83,'Looney Tunes','looney-tunes'),(84,'Exclu.','exclu'),(85,'Friends','friends'),(86,'Animation','animation'),(87,'Marvel','marvel'),(88,'Calendrier de l\'Avent','advent-calendar'),(89,'Blanche neige et les 7 nains','snow-white-and-the-seven-dwarfs');
/*!40000 ALTER TABLE `tag` ENABLE KEYS */;
UNLOCK TABLES;
/*!40103 SET TIME_ZONE=@OLD_TIME_ZONE */;

/*!40101 SET SQL_MODE=@OLD_SQL_MODE */;
/*!40014 SET FOREIGN_KEY_CHECKS=@OLD_FOREIGN_KEY_CHECKS */;
/*!40014 SET UNIQUE_CHECKS=@OLD_UNIQUE_CHECKS */;
/*!40101 SET CHARACTER_SET_CLIENT=@OLD_CHARACTER_SET_CLIENT */;
/*!40101 SET CHARACTER_SET_RESULTS=@OLD_CHARACTER_SET_RESULTS */;
/*!40101 SET COLLATION_CONNECTION=@OLD_COLLATION_CONNECTION */;
/*!40111 SET SQL_NOTES=@OLD_SQL_NOTES */;

-- Dump completed on 2019-10-19  9:39:05
